This is pdfTeX, Version 3.141592653-2.6-1.40.28 (MiKTeX 25.12) (preloaded format=pdflatex 2026.6.30)  14 JUL 2026 03:48
entering extended mode
 restricted \write18 enabled.
 %&-line parsing enabled.
**./main.tex
(main.tex
LaTeX2e <2025-11-01>
L3 programming layer <2025-12-24>
(E:\MiKTEX\tex/latex/extsizes\extreport.cls
Document Class: extreport 1996/10/08 v1.0 Non Standard LaTeX document class
(E:\MiKTEX\tex/latex/extsizes\size14.clo
File: size14.clo 1999/11/11 v1.4a NON-Standard LaTeX file (size option)
) (E:\MiKTEX\tex/latex/base\exscale.sty
Package: exscale 2025/06/05 v2.1i Standard LaTeX package exscale
LaTeX Font Info:    Redeclaring symbol font `largesymbols' on input line 57.
LaTeX Font Info:    Overwriting symbol font `largesymbols' in version `normal'
(Font)                  OMX/cmex/m/n --> OMX/cmex/m/n on input line 57.
LaTeX Font Info:    Overwriting symbol font `largesymbols' in version `bold'
(Font)                  OMX/cmex/m/n --> OMX/cmex/m/n on input line 57.
\big@size=\dimen148
)
\c@part=\count275
\c@chapter=\count276
\c@section=\count277
\c@subsection=\count278
\c@subsubsection=\count279
\c@paragraph=\count280
\c@subparagraph=\count281
\c@figure=\count282
\c@table=\count283
\abovecaptionskip=\skip49
\belowcaptionskip=\skip50
\bibindent=\dimen149
) (E:\MiKTEX\tex/latex/base\fontenc.sty
Package: fontenc 2025/07/18 v2.1d Standard LaTeX package
 (E:\MiKTEX\tex/latex/vntex\t5enc.def
File: t5enc.def 2006/11/21 v1.4 Vietnamese T5 encoding
Now handling font encoding T5 ...
... processing UTF-8 mapping file for font encoding T5

(E:\MiKTEX\tex/latex/vntex\t5enc.dfu
File: t5enc.dfu 2006/08/19 v1.1 UTF8 support for Vietnamese
   defining Unicode char U+00AB (decimal 171)
   defining Unicode char U+00BB (decimal 187)
   defining Unicode char U+00C0 (decimal 192)
   defining Unicode char U+00C1 (decimal 193)
   defining Unicode char U+00C2 (decimal 194)
   defining Unicode char U+00C3 (decimal 195)
   defining Unicode char U+00C8 (decimal 200)
   defining Unicode char U+00C9 (decimal 201)
   defining Unicode char U+00CA (decimal 202)
   defining Unicode char U+00CC (decimal 204)
   defining Unicode char U+00CD (decimal 205)
   defining Unicode char U+00D2 (decimal 210)
   defining Unicode char U+00D3 (decimal 211)
   defining Unicode char U+00D4 (decimal 212)
   defining Unicode char U+00D5 (decimal 213)
   defining Unicode char U+00D9 (decimal 217)
   defining Unicode char U+00DA (decimal 218)
   defining Unicode char U+00DD (decimal 221)
   defining Unicode char U+00E0 (decimal 224)
   defining Unicode char U+00E1 (decimal 225)
   defining Unicode char U+00E2 (decimal 226)
   defining Unicode char U+00E3 (decimal 227)
   defining Unicode char U+00E8 (decimal 232)
   defining Unicode char U+00E9 (decimal 233)
   defining Unicode char U+00EA (decimal 234)
   defining Unicode char U+00EC (decimal 236)
   defining Unicode char U+00ED (decimal 237)
   defining Unicode char U+00F2 (decimal 242)
   defining Unicode char U+00F3 (decimal 243)
   defining Unicode char U+00F4 (decimal 244)
   defining Unicode char U+00F5 (decimal 245)
   defining Unicode char U+00F9 (decimal 249)
   defining Unicode char U+00FA (decimal 250)
   defining Unicode char U+00FD (decimal 253)
   defining Unicode char U+0102 (decimal 258)
   defining Unicode char U+0103 (decimal 259)
   defining Unicode char U+0110 (decimal 272)
   defining Unicode char U+0111 (decimal 273)
   defining Unicode char U+0128 (decimal 296)
   defining Unicode char U+0129 (decimal 297)
   defining Unicode char U+0131 (decimal 305)
   defining Unicode char U+0168 (decimal 360)
   defining Unicode char U+0169 (decimal 361)
   defining Unicode char U+01A0 (decimal 416)
   defining Unicode char U+01A1 (decimal 417)
   defining Unicode char U+01AF (decimal 431)
   defining Unicode char U+01B0 (decimal 432)
   defining Unicode char U+1EA0 (decimal 7840)
   defining Unicode char U+1EA1 (decimal 7841)
   defining Unicode char U+1EA2 (decimal 7842)
   defining Unicode char U+1EA3 (decimal 7843)
   defining Unicode char U+1EA4 (decimal 7844)
   defining Unicode char U+1EA5 (decimal 7845)
   defining Unicode char U+1EA6 (decimal 7846)
   defining Unicode char U+1EA7 (decimal 7847)
   defining Unicode char U+1EA8 (decimal 7848)
   defining Unicode char U+1EA9 (decimal 7849)
   defining Unicode char U+1EAA (decimal 7850)
   defining Unicode char U+1EAB (decimal 7851)
   defining Unicode char U+1EAC (decimal 7852)
   defining Unicode char U+1EAD (decimal 7853)
   defining Unicode char U+1EAE (decimal 7854)
   defining Unicode char U+1EAF (decimal 7855)
   defining Unicode char U+1EB0 (decimal 7856)
   defining Unicode char U+1EB1 (decimal 7857)
   defining Unicode char U+1EB2 (decimal 7858)
   defining Unicode char U+1EB3 (decimal 7859)
   defining Unicode char U+1EB4 (decimal 7860)
   defining Unicode char U+1EB5 (decimal 7861)
   defining Unicode char U+1EB6 (decimal 7862)
   defining Unicode char U+1EB7 (decimal 7863)
   defining Unicode char U+1EB8 (decimal 7864)
   defining Unicode char U+1EB9 (decimal 7865)
   defining Unicode char U+1EBA (decimal 7866)
   defining Unicode char U+1EBB (decimal 7867)
   defining Unicode char U+1EBC (decimal 7868)
   defining Unicode char U+1EBD (decimal 7869)
   defining Unicode char U+1EBE (decimal 7870)
   defining Unicode char U+1EBF (decimal 7871)
   defining Unicode char U+1EC0 (decimal 7872)
   defining Unicode char U+1EC1 (decimal 7873)
   defining Unicode char U+1EC2 (decimal 7874)
   defining Unicode char U+1EC3 (decimal 7875)
   defining Unicode char U+1EC4 (decimal 7876)
   defining Unicode char U+1EC5 (decimal 7877)
   defining Unicode char U+1EC6 (decimal 7878)
   defining Unicode char U+1EC7 (decimal 7879)
   defining Unicode char U+1EC8 (decimal 7880)
   defining Unicode char U+1EC9 (decimal 7881)
   defining Unicode char U+1ECA (decimal 7882)
   defining Unicode char U+1ECB (decimal 7883)
   defining Unicode char U+1ECC (decimal 7884)
   defining Unicode char U+1ECD (decimal 7885)
   defining Unicode char U+1ECE (decimal 7886)
   defining Unicode char U+1ECF (decimal 7887)
   defining Unicode char U+1ED0 (decimal 7888)
   defining Unicode char U+1ED1 (decimal 7889)
   defining Unicode char U+1ED2 (decimal 7890)
   defining Unicode char U+1ED3 (decimal 7891)
   defining Unicode char U+1ED4 (decimal 7892)
   defining Unicode char U+1ED5 (decimal 7893)
   defining Unicode char U+1ED6 (decimal 7894)
   defining Unicode char U+1ED7 (decimal 7895)
   defining Unicode char U+1ED8 (decimal 7896)
   defining Unicode char U+1ED9 (decimal 7897)
   defining Unicode char U+1EDA (decimal 7898)
   defining Unicode char U+1EDB (decimal 7899)
   defining Unicode char U+1EDC (decimal 7900)
   defining Unicode char U+1EDD (decimal 7901)
   defining Unicode char U+1EDE (decimal 7902)
   defining Unicode char U+1EDF (decimal 7903)
   defining Unicode char U+1EE0 (decimal 7904)
   defining Unicode char U+1EE1 (decimal 7905)
   defining Unicode char U+1EE2 (decimal 7906)
   defining Unicode char U+1EE3 (decimal 7907)
   defining Unicode char U+1EE4 (decimal 7908)
   defining Unicode char U+1EE5 (decimal 7909)
   defining Unicode char U+1EE6 (decimal 7910)
   defining Unicode char U+1EE7 (decimal 7911)
   defining Unicode char U+1EE8 (decimal 7912)
   defining Unicode char U+1EE9 (decimal 7913)
   defining Unicode char U+1EEA (decimal 7914)
   defining Unicode char U+1EEB (decimal 7915)
   defining Unicode char U+1EEC (decimal 7916)
   defining Unicode char U+1EED (decimal 7917)
   defining Unicode char U+1EEE (decimal 7918)
   defining Unicode char U+1EEF (decimal 7919)
   defining Unicode char U+1EF0 (decimal 7920)
   defining Unicode char U+1EF1 (decimal 7921)
   defining Unicode char U+1EF2 (decimal 7922)
   defining Unicode char U+1EF3 (decimal 7923)
   defining Unicode char U+1EF4 (decimal 7924)
   defining Unicode char U+1EF5 (decimal 7925)
   defining Unicode char U+1EF6 (decimal 7926)
   defining Unicode char U+1EF7 (decimal 7927)
   defining Unicode char U+1EF8 (decimal 7928)
   defining Unicode char U+1EF9 (decimal 7929)
   defining Unicode char U+200C (decimal 8204)
   defining Unicode char U+2013 (decimal 8211)
   defining Unicode char U+2014 (decimal 8212)
   defining Unicode char U+2018 (decimal 8216)
   defining Unicode char U+2019 (decimal 8217)
   defining Unicode char U+201A (decimal 8218)
   defining Unicode char U+201C (decimal 8220)
   defining Unicode char U+201D (decimal 8221)
   defining Unicode char U+201E (decimal 8222)
   defining Unicode char U+2030 (decimal 8240)
   defining Unicode char U+2031 (decimal 8241)
   defining Unicode char U+2039 (decimal 8249)
   defining Unicode char U+203A (decimal 8250)
   defining Unicode char U+2423 (decimal 9251)
))
LaTeX Font Info:    Trying to load font information for T5+cmr on input line 11
6.
 (E:\MiKTEX\tex/latex/vntex\t5cmr.fd
File: t5cmr.fd 1999/05/25 v2.5h Standard LaTeX font definitions
))
(E:\MiKTEX\tex/latex/base\inputenc.sty
Package: inputenc 2024/02/08 v1.3d Input encoding file
\inpenc@prehook=\toks17
\inpenc@posthook=\toks18
)
(E:\MiKTEX\tex/latex/biblatex\biblatex.sty
Package: biblatex 2025/07/10 v3.21 programmable bibliographies (PK/MW)

(E:\MiKTEX\tex/generic/pdftexcmds\pdftexcmds.sty
Package: pdftexcmds 2020-06-27 v0.33 Utility functions of pdfTeX for LuaTeX (HO
)

(E:\MiKTEX\tex/generic/infwarerr\infwarerr.sty
Package: infwarerr 2019/12/03 v1.5 Providing info/warning/error messages (HO)
)
(E:\MiKTEX\tex/generic/iftex\iftex.sty
Package: iftex 2024/12/12 v1.0g TeX engine tests
)
(E:\MiKTEX\tex/generic/ltxcmds\ltxcmds.sty
Package: ltxcmds 2023-12-04 v1.26 LaTeX kernel commands for general use (HO)
)
Package pdftexcmds Info: \pdf@primitive is available.
Package pdftexcmds Info: \pdf@ifprimitive is available.
Package pdftexcmds Info: \pdfdraftmode found.
)
(E:\MiKTEX\tex/latex/etoolbox\etoolbox.sty
Package: etoolbox 2025/10/02 v2.5m e-TeX tools for LaTeX (JAW)
\etb@tempcnta=\count284
)
(E:\MiKTEX\tex/latex/graphics\keyval.sty
Package: keyval 2022/05/29 v1.15 key=value parser (DPC)
\KV@toks@=\toks19
)
(E:\MiKTEX\tex/latex/kvoptions\kvoptions.sty
Package: kvoptions 2022-06-15 v3.15 Key value format for package options (HO)

(E:\MiKTEX\tex/latex/kvsetkeys\kvsetkeys.sty
Package: kvsetkeys 2022-10-05 v1.19 Key value parser (HO)
))
(E:\MiKTEX\tex/latex/logreq\logreq.sty
Package: logreq 2010/08/04 v1.0 xml request logger
\lrq@indent=\count285
 (E:\MiKTEX\tex/latex/logreq\logreq.def
File: logreq.def 2010/08/04 v1.0 logreq spec v1.0
)) (E:\MiKTEX\tex/latex/base\ifthen.sty
Package: ifthen 2024/03/16 v1.1e Standard LaTeX ifthen package (DPC)
) (E:\MiKTEX\tex/latex/url\url.sty
\Urlmuskip=\muskip17
Package: url 2013/09/16  ver 3.4  Verb mode for urls, etc.
)
\c@tabx@nest=\count286
\c@listtotal=\count287
\c@listcount=\count288
\c@liststart=\count289
\c@liststop=\count290
\c@citecount=\count291
\c@citetotal=\count292
\c@multicitecount=\count293
\c@multicitetotal=\count294
\c@instcount=\count295
\c@maxnames=\count296
\c@minnames=\count297
\c@maxitems=\count298
\c@minitems=\count299
\c@citecounter=\count300
\c@maxcitecounter=\count301
\c@savedcitecounter=\count302
\c@uniquelist=\count303
\c@uniquename=\count304
\c@refsection=\count305
\c@refsegment=\count306
\c@maxextratitle=\count307
\c@maxextratitleyear=\count308
\c@maxextraname=\count309
\c@maxextradate=\count310
\c@maxextraalpha=\count311
\c@abbrvpenalty=\count312
\c@highnamepenalty=\count313
\c@lownamepenalty=\count314
\c@maxparens=\count315
\c@parenlevel=\count316
\blx@tempcnta=\count317
\blx@tempcntb=\count318
\blx@tempcntc=\count319
\c@blx@maxsection=\count320
\blx@maxsegment@0=\count321
\blx@notetype=\count322
\blx@parenlevel@text=\count323
\blx@parenlevel@foot=\count324
\blx@sectionciteorder@0=\count325
\blx@sectionciteorderinternal@0=\count326
\blx@entrysetcounter=\count327
\blx@biblioinstance=\count328
\labelnumberwidth=\skip51
\labelalphawidth=\skip52
\biblabelsep=\skip53
\bibitemsep=\skip54
\bibnamesep=\skip55
\bibinitsep=\skip56
\bibparsep=\skip57
\bibhang=\skip58
\blx@bcfin=\read2
\blx@bcfout=\write3
\blx@langwohyphens=\language79
\c@mincomprange=\count329
\c@maxcomprange=\count330
\c@mincompwidth=\count331
Package biblatex Info: Trying to load biblatex default data model...
Package biblatex Info: ... file 'blx-dm.def' found.

(E:\MiKTEX\tex/latex/biblatex\blx-dm.def
File: blx-dm.def 2025/07/10 v3.21 biblatex datamodel (PK/MW)
)
Package biblatex Info: Trying to load biblatex custom data model...
Package biblatex Info: ... file 'biblatex-dm.cfg' not found.
\c@afterword=\count332
\c@savedafterword=\count333
\c@annotator=\count334
\c@savedannotator=\count335
\c@author=\count336
\c@savedauthor=\count337
\c@bookauthor=\count338
\c@savedbookauthor=\count339
\c@commentator=\count340
\c@savedcommentator=\count341
\c@editor=\count342
\c@savededitor=\count343
\c@editora=\count344
\c@savededitora=\count345
\c@editorb=\count346
\c@savededitorb=\count347
\c@editorc=\count348
\c@savededitorc=\count349
\c@foreword=\count350
\c@savedforeword=\count351
\c@holder=\count352
\c@savedholder=\count353
\c@introduction=\count354
\c@savedintroduction=\count355
\c@namea=\count356
\c@savednamea=\count357
\c@nameb=\count358
\c@savednameb=\count359
\c@namec=\count360
\c@savednamec=\count361
\c@translator=\count362
\c@savedtranslator=\count363
\c@shortauthor=\count364
\c@savedshortauthor=\count365
\c@shorteditor=\count366
\c@savedshorteditor=\count367
\c@labelname=\count368
\c@savedlabelname=\count369
\c@institution=\count370
\c@savedinstitution=\count371
\c@lista=\count372
\c@savedlista=\count373
\c@listb=\count374
\c@savedlistb=\count375
\c@listc=\count376
\c@savedlistc=\count377
\c@listd=\count378
\c@savedlistd=\count379
\c@liste=\count380
\c@savedliste=\count381
\c@listf=\count382
\c@savedlistf=\count383
\c@location=\count384
\c@savedlocation=\count385
\c@organization=\count386
\c@savedorganization=\count387
\c@origlocation=\count388
\c@savedoriglocation=\count389
\c@origpublisher=\count390
\c@savedorigpublisher=\count391
\c@publisher=\count392
\c@savedpublisher=\count393
\c@language=\count394
\c@savedlanguage=\count395
\c@origlanguage=\count396
\c@savedoriglanguage=\count397
\c@pageref=\count398
\c@savedpageref=\count399
\shorthandwidth=\skip59
\shortjournalwidth=\skip60
\shortserieswidth=\skip61
\shorttitlewidth=\skip62
\shortauthorwidth=\skip63
\shorteditorwidth=\skip64
\locallabelnumberwidth=\skip65
\locallabelalphawidth=\skip66
\localshorthandwidth=\skip67
\localshortjournalwidth=\skip68
\localshortserieswidth=\skip69
\localshorttitlewidth=\skip70
\localshortauthorwidth=\skip71
\localshorteditorwidth=\skip72
Package biblatex Info: Trying to load compatibility code...
Package biblatex Info: ... file 'blx-compat.def' found.

(E:\MiKTEX\tex/latex/biblatex\blx-compat.def
File: blx-compat.def 2025/07/10 v3.21 biblatex compatibility (PK/MW)
)
Package biblatex Info: Trying to load BibTeX backend compatibility...
Package biblatex Info: ... file 'blx-bibtex.def' found.

(E:\MiKTEX\tex/latex/biblatex\blx-bibtex.def
File: blx-bibtex.def 2025/07/10 v3.21 biblatex compatibility (PK/MW)


Package biblatex Warning: Using fall-back bibtex backend:
(biblatex)                functionality may be reduced/unavailable.

)
Package biblatex Info: Trying to load generic definitions...
Package biblatex Info: ... file 'biblatex.def' found.
 (E:\MiKTEX\tex/latex/biblatex\biblatex.def
File: biblatex.def 2025/07/10 v3.21 biblatex compatibility (PK/MW)
\c@textcitecount=\count400
\c@textcitetotal=\count401
\c@textcitemaxnames=\count402
\c@biburlbigbreakpenalty=\count403
\c@biburlbreakpenalty=\count404
\c@biburlnumpenalty=\count405
\c@biburlucpenalty=\count406
\c@biburllcpenalty=\count407
\biburlbigskip=\muskip18
\biburlnumskip=\muskip19
\biburlucskip=\muskip20
\biburllcskip=\muskip21
\c@smartand=\count408
)
Package biblatex Info: Trying to load bibliography style 'numeric'...
Package biblatex Info: ... file 'numeric.bbx' found.

(E:\MiKTEX\tex/latex/biblatex/bbx\numeric.bbx
File: numeric.bbx 2025/07/10 v3.21 biblatex bibliography style (PK/MW)
Package biblatex Info: Trying to load bibliography style 'standard'...
Package biblatex Info: ... file 'standard.bbx' found.

(E:\MiKTEX\tex/latex/biblatex/bbx\standard.bbx
File: standard.bbx 2025/07/10 v3.21 biblatex bibliography style (PK/MW)
\c@bbx:relatedcount=\count409
\c@bbx:relatedtotal=\count410
))
Package biblatex Info: Trying to load citation style 'numeric'...
Package biblatex Info: ... file 'numeric.cbx' found.

(E:\MiKTEX\tex/latex/biblatex/cbx\numeric.cbx
File: numeric.cbx 2025/07/10 v3.21 biblatex citation style (PK/MW)
Package biblatex Info: Redefining '\cite'.
Package biblatex Info: Redefining '\parencite'.
Package biblatex Info: Redefining '\footcite'.
Package biblatex Info: Redefining '\footcitetext'.
Package biblatex Info: Redefining '\smartcite'.
Package biblatex Info: Redefining '\supercite'.
Package biblatex Info: Redefining '\textcite'.
Package biblatex Info: Redefining '\textcites'.
Package biblatex Info: Redefining '\cites'.
Package biblatex Info: Redefining '\parencites'.
Package biblatex Info: Redefining '\smartcites'.
)
Package biblatex Info: Trying to load configuration file...
Package biblatex Info: ... file 'biblatex.cfg' found.

(E:\MiKTEX\tex/latex/biblatex\biblatex.cfg
File: biblatex.cfg 
)
Package biblatex Info: Input encoding 'utf8' detected.
Package biblatex Info: Document encoding is UTF8 ....

(E:\MiKTEX\tex/latex/l3kernel\expl3.sty
Package: expl3 2025-12-24 L3 programming layer (loader) 

(E:\MiKTEX\tex/latex/l3backend\l3backend-pdftex.def
File: l3backend-pdftex.def 2025-10-09 L3 backend support: PDF output (pdfTeX)
\l__color_backend_stack_int=\count411
))
Package biblatex Info: ... and expl3
(biblatex)             2025-12-24 L3 programming layer (loader) 
(biblatex)             is new enough (at least 2020/04/06),
(biblatex)             setting 'casechanger=expl3'.

(E:\MiKTEX\tex/latex/biblatex\blx-case-expl3.sty
(E:\MiKTEX\tex/latex/l3packages/xparse\xparse.sty
Package: xparse 2025-10-09 L3 Experimental document command parser
)
Package: blx-case-expl3 2025/07/10 v3.21 expl3 case changing code for biblatex
))
(E:\MiKTEX\tex/latex/hyperref\hyperref.sty
Package: hyperref 2025-07-12 v7.01o Hypertext links for LaTeX

(E:\MiKTEX\tex/generic/kvdefinekeys\kvdefinekeys.sty
Package: kvdefinekeys 2019-12-19 v1.6 Define keys (HO)
)
(E:\MiKTEX\tex/generic/pdfescape\pdfescape.sty
Package: pdfescape 2019/12/09 v1.15 Implements pdfTeX's escape features (HO)
)
(E:\MiKTEX\tex/latex/hycolor\hycolor.sty
Package: hycolor 2020-01-27 v1.10 Color options for hyperref/bookmark (HO)
)
(E:\MiKTEX\tex/latex/hyperref\nameref.sty
Package: nameref 2025-06-21 v2.57 Cross-referencing by name of section

(E:\MiKTEX\tex/latex/refcount\refcount.sty
Package: refcount 2019/12/15 v3.6 Data extraction from label references (HO)
)
(E:\MiKTEX\tex/generic/gettitlestring\gettitlestring.sty
Package: gettitlestring 2019/12/15 v1.6 Cleanup title references (HO)
)
\c@section@level=\count412
)
(E:\MiKTEX\tex/generic/stringenc\stringenc.sty
Package: stringenc 2019/11/29 v1.12 Convert strings between diff. encodings (HO
)
)
\@linkdim=\dimen150
\Hy@linkcounter=\count413
\Hy@pagecounter=\count414

(E:\MiKTEX\tex/latex/hyperref\pd1enc.def
File: pd1enc.def 2025-07-12 v7.01o Hyperref: PDFDocEncoding definition (HO)
Now handling font encoding PD1 ...
... no UTF-8 mapping file for font encoding PD1
)
(E:\MiKTEX\tex/generic/intcalc\intcalc.sty
Package: intcalc 2019/12/15 v1.3 Expandable calculations with integers (HO)
)
\Hy@SavedSpaceFactor=\count415

(E:\MiKTEX\tex/latex/hyperref\puenc.def
File: puenc.def 2025-07-12 v7.01o Hyperref: PDF Unicode definition (HO)
Now handling font encoding PU ...
... no UTF-8 mapping file for font encoding PU
)
Package hyperref Info: Option `unicode' set `true' on input line 4066.
Package hyperref Info: Hyper figures OFF on input line 4195.
Package hyperref Info: Link nesting OFF on input line 4200.
Package hyperref Info: Hyper index ON on input line 4203.
Package hyperref Info: Plain pages OFF on input line 4210.
Package hyperref Info: Backreferencing OFF on input line 4215.
Package hyperref Info: Implicit mode ON; LaTeX internals redefined.
Package hyperref Info: Bookmarks ON on input line 4462.
\c@Hy@tempcnt=\count416
LaTeX Info: Redefining \url on input line 4801.
\XeTeXLinkMargin=\dimen151

(E:\MiKTEX\tex/generic/bitset\bitset.sty
Package: bitset 2019/12/09 v1.3 Handle bit-vector datatype (HO)

(E:\MiKTEX\tex/generic/bigintcalc\bigintcalc.sty
Package: bigintcalc 2019/12/15 v1.5 Expandable calculations on big integers (HO
)
))
\Fld@menulength=\count417
\Field@Width=\dimen152
\Fld@charsize=\dimen153
Package hyperref Info: Hyper figures OFF on input line 6078.
Package hyperref Info: Link nesting OFF on input line 6083.
Package hyperref Info: Hyper index ON on input line 6086.
Package hyperref Info: backreferencing OFF on input line 6093.
Package hyperref Info: Link coloring OFF on input line 6098.
Package hyperref Info: Link coloring with OCG OFF on input line 6103.
Package hyperref Info: PDF/A mode OFF on input line 6108.
\Hy@abspage=\count418
\c@Item=\count419
\c@Hfootnote=\count420
)
Package hyperref Info: Driver (autodetected): hpdftex.

(E:\MiKTEX\tex/latex/hyperref\hpdftex.def
File: hpdftex.def 2025-07-12 v7.01o Hyperref driver for pdfTeX
\Fld@listcount=\count421
\c@bookmark@seq@number=\count422

(E:\MiKTEX\tex/latex/rerunfilecheck\rerunfilecheck.sty
Package: rerunfilecheck 2025-06-21 v1.11 Rerun checks for auxiliary files (HO)

(E:\MiKTEX\tex/generic/uniquecounter\uniquecounter.sty
Package: uniquecounter 2019/12/15 v1.4 Provide unlimited unique counter (HO)
)
Package uniquecounter Info: New unique counter `rerunfilecheck' on input line 2
84.
)
\Hy@SectionHShift=\skip73
)
(E:\MiKTEX\tex/latex/graphics\graphicx.sty
Package: graphicx 2024/12/31 v1.2e Enhanced LaTeX Graphics (DPC,SPQR)

(E:\MiKTEX\tex/latex/graphics\graphics.sty
Package: graphics 2024/08/06 v1.4g Standard LaTeX Graphics (DPC,SPQR)

(E:\MiKTEX\tex/latex/graphics\trig.sty
Package: trig 2023/12/02 v1.11 sin cos tan (DPC)
)
(E:\MiKTEX\tex/latex/graphics-cfg\graphics.cfg
File: graphics.cfg 2016/06/04 v1.11 sample graphics configuration
)
Package graphics Info: Driver file: pdftex.def on input line 106.

(E:\MiKTEX\tex/latex/graphics-def\pdftex.def
File: pdftex.def 2025/09/29 v1.2d Graphics/color driver for pdftex
))
\Gin@req@height=\dimen154
\Gin@req@width=\dimen155
)
(E:\MiKTEX\tex/latex/pdfpages\pdfpages.sty
Package: pdfpages 2026/03/30 v0.6h Insert pages of external PDF documents (AM)
 (E:\MiKTEX\tex/latex/tools\calc.sty
Package: calc 2025/03/01 v4.3b Infix arithmetic (KKT,FJ)
\calc@Acount=\count423
\calc@Bcount=\count424
\calc@Adimen=\dimen156
\calc@Bdimen=\dimen157
\calc@Askip=\skip74
\calc@Bskip=\skip75
LaTeX Info: Redefining \setlength on input line 86.
LaTeX Info: Redefining \addtolength on input line 87.
\calc@Ccount=\count425
\calc@Cskip=\skip76
) (E:\MiKTEX\tex/latex/eso-pic\eso-pic.sty
Package: eso-pic 2026/05/31 v3.0e eso-pic (RN)
\ESO@tempdima=\dimen158
\ESO@tempdimb=\dimen159

(E:\MiKTEX\tex/latex/xcolor\xcolor.sty
Package: xcolor 2024/09/29 v3.02 LaTeX color extensions (UK)

(E:\MiKTEX\tex/latex/graphics-cfg\color.cfg
File: color.cfg 2016/01/02 v1.6 sample color configuration
)
Package xcolor Info: Driver file: pdftex.def on input line 274.

(E:\MiKTEX\tex/latex/graphics\mathcolor.ltx)
Package xcolor Info: Model `cmy' substituted by `cmy0' on input line 1349.
Package xcolor Info: Model `hsb' substituted by `rgb' on input line 1353.
Package xcolor Info: Model `RGB' extended on input line 1365.
Package xcolor Info: Model `HTML' substituted by `rgb' on input line 1367.
Package xcolor Info: Model `Hsb' substituted by `hsb' on input line 1368.
Package xcolor Info: Model `tHsb' substituted by `hsb' on input line 1369.
Package xcolor Info: Model `HSB' substituted by `hsb' on input line 1370.
Package xcolor Info: Model `Gray' substituted by `gray' on input line 1371.
Package xcolor Info: Model `wave' substituted by `hsb' on input line 1372.
))
\AM@pagewidth=\dimen160
\AM@pageheight=\dimen161
\AM@fboxrule=\dimen162

(E:\MiKTEX\tex/latex/pdfpages\pppdftex.def
File: pppdftex.def 2026/03/30 v0.6h Pdfpages driver for pdfTeX (AM)
)
\pdfpages@includegraphics@status=\count426
\AM@pagebox=\box53
\AM@global@opts=\toks20
\AM@pagecnt=\count427
\AM@toc@title=\toks21
\AM@lof@heading=\toks22
\c@AM@survey=\count428
\AM@templatesizebox=\box54
)
(E:\MiKTEX\tex/latex/listings\listings.sty
\lst@mode=\count429
\lst@gtempboxa=\box55
\lst@token=\toks23
\lst@length=\count430
\lst@currlwidth=\dimen163
\lst@column=\count431
\lst@pos=\count432
\lst@lostspace=\dimen164
\lst@width=\dimen165
\lst@newlines=\count433
\lst@lineno=\count434
\lst@maxwidth=\dimen166

(E:\MiKTEX\tex/latex/listings\lstpatch.sty
File: lstpatch.sty 2025/11/14 1.11b (Carsten Heinz)
)
(E:\MiKTEX\tex/latex/listings\lstmisc.sty
File: lstmisc.sty 2025/11/14 1.11b (Carsten Heinz)
\c@lstnumber=\count435
\lst@skipnumbers=\count436
\lst@framebox=\box56
)
(E:\MiKTEX\tex/latex/listings\listings.cfg
File: listings.cfg 2025/11/14 1.11b listings configuration
))
Package: listings 2025/11/14 1.11b (Carsten Heinz)

==> First Aid for listings.sty no longer applied!
    Expected:
        2024/09/23 1.10c (Carsten Heinz)
    but found:
        2025/11/14 1.11b (Carsten Heinz)
    so I'm assuming it got fixed.
(E:\MiKTEX\tex/latex/amsmath\amsmath.sty
Package: amsmath 2025/07/09 v2.17z AMS math features
\@mathmargin=\skip77

For additional information on amsmath, use the `?' option.
(E:\MiKTEX\tex/latex/amsmath\amstext.sty
Package: amstext 2024/11/17 v2.01 AMS text

(E:\MiKTEX\tex/latex/amsmath\amsgen.sty
File: amsgen.sty 1999/11/30 v2.0 generic functions
\@emptytoks=\toks24
\ex@=\dimen167
))
(E:\MiKTEX\tex/latex/amsmath\amsbsy.sty
Package: amsbsy 1999/11/29 v1.2d Bold Symbols
\pmbraise@=\dimen168
)
(E:\MiKTEX\tex/latex/amsmath\amsopn.sty
Package: amsopn 2022/04/08 v2.04 operator names
)
\inf@bad=\count437
LaTeX Info: Redefining \frac on input line 233.
\uproot@=\count438
\leftroot@=\count439
LaTeX Info: Redefining \overline on input line 398.
LaTeX Info: Redefining \colon on input line 409.
\classnum@=\count440
\DOTSCASE@=\count441
LaTeX Info: Redefining \ldots on input line 495.
LaTeX Info: Redefining \dots on input line 498.
LaTeX Info: Redefining \cdots on input line 619.
\Mathstrutbox@=\box57
\strutbox@=\box58
LaTeX Info: Redefining \big on input line 721.
LaTeX Info: Redefining \Big on input line 722.
LaTeX Info: Redefining \bigg on input line 723.
LaTeX Info: Redefining \Bigg on input line 724.
\big@size=\dimen169
LaTeX Font Info:    Redeclaring font encoding OML on input line 742.
LaTeX Font Info:    Redeclaring font encoding OMS on input line 743.
\macc@depth=\count442
LaTeX Info: Redefining \bmod on input line 904.
LaTeX Info: Redefining \pmod on input line 909.
LaTeX Info: Redefining \smash on input line 939.
LaTeX Info: Redefining \relbar on input line 969.
LaTeX Info: Redefining \Relbar on input line 970.
\c@MaxMatrixCols=\count443
\dotsspace@=\muskip22
\c@parentequation=\count444
\dspbrk@lvl=\count445
\tag@help=\toks25
\row@=\count446
\column@=\count447
\maxfields@=\count448
\andhelp@=\toks26
\eqnshift@=\dimen170
\alignsep@=\dimen171
\tagshift@=\dimen172
\tagwidth@=\dimen173
\totwidth@=\dimen174
\lineht@=\dimen175
\@envbody=\toks27
\multlinegap=\skip78
\multlinetaggap=\skip79
\mathdisplay@stack=\toks28
LaTeX Info: Redefining \[ on input line 2950.
LaTeX Info: Redefining \] on input line 2951.
)
(E:\MiKTEX\tex/latex/amsfonts\amssymb.sty
Package: amssymb 2013/01/14 v3.01 AMS font symbols

(E:\MiKTEX\tex/latex/amsfonts\amsfonts.sty
Package: amsfonts 2013/01/14 v3.01 Basic AMSFonts support
\symAMSa=\mathgroup4
\symAMSb=\mathgroup5
LaTeX Font Info:    Redeclaring math symbol \hbar on input line 98.
LaTeX Font Info:    Overwriting math alphabet `\mathfrak' in version `bold'
(Font)                  U/euf/m/n --> U/euf/b/n on input line 106.
))
(E:\MiKTEX\tex/latex/algorithms\algorithm.sty
Package: algorithm 2009/08/24 v0.1 Document Style `algorithm' - floating enviro
nment

(E:\MiKTEX\tex/latex/float\float.sty
Package: float 2001/11/08 v1.3d Float enhancements (AL)
\c@float@type=\count449
\float@exts=\toks29
\float@box=\box59
\@float@everytoks=\toks30
\@floatcapt=\box60
)
\@float@every@algorithm=\toks31
\c@algorithm=\count450
)
(E:\MiKTEX\tex/latex/algorithmicx\algpseudocode.sty
Package: algpseudocode 

(E:\MiKTEX\tex/latex/algorithmicx\algorithmicx.sty
Package: algorithmicx 2005/04/27 v1.2 Algorithmicx

Document Style algorithmicx 1.2 - a greatly improved `algorithmic' style
\c@ALG@line=\count451
\c@ALG@rem=\count452
\c@ALG@nested=\count453
\ALG@tlm=\skip80
\ALG@thistlm=\skip81
\c@ALG@Lnr=\count454
\c@ALG@blocknr=\count455
\c@ALG@storecount=\count456
\c@ALG@tmpcounter=\count457
\ALG@tmplength=\skip82
)
Document Style - pseudocode environments for use with the `algorithmicx' style
) (E:\MiKTEX\tex/latex/enumitem\enumitem.sty
Package: enumitem 2025/02/06 v3.11 Customized lists
\labelindent=\skip83
\enit@outerparindent=\dimen176
\enit@toks=\toks32
\enit@inbox=\box61
\enit@count@id=\count458
\enitdp@description=\count459
)
(E:\MiKTEX\tex/latex/multirow\multirow.sty
Package: multirow 2024/11/12 v2.9 Span multiple rows of a table
\multirow@colwidth=\skip84
\multirow@cntb=\count460
\multirow@dima=\skip85
\bigstrutjot=\dimen177
)
(E:\MiKTEX\tex/latex/tools\array.sty
Package: array 2025/09/25 v2.6n Tabular extension package (FMi)
\col@sep=\dimen178
\ar@mcellbox=\box62
\extrarowheight=\dimen179
\NC@list=\toks33
\extratabsurround=\skip86
\backup@length=\skip87
\ar@cellbox=\box63
) (E:\MiKTEX\tex/latex/tools\longtable.sty
Package: longtable 2025-10-13 v4.24 Multi-page Table package (DPC)
\LTleft=\skip88
\LTright=\skip89
\LTpre=\skip90
\LTpost=\skip91
\LTchunksize=\count461
\LTcapwidth=\dimen180
\LT@head=\box64
\LT@firsthead=\box65
\LT@foot=\box66
\LT@lastfoot=\box67
\LT@gbox=\box68
\LT@cols=\count462
\LT@rows=\count463
\c@LT@tables=\count464
\c@LT@chunks=\count465
\LT@p@ftn=\toks34
) (E:\MiKTEX\tex/latex/placeins\placeins.sty
Package: placeins 2005/04/18  v 2.2
)
(E:\MiKTEX\tex/latex/setspace\setspace.sty
Package: setspace 2022/12/04 v6.7b set line spacing
)
(E:\MiKTEX\tex/latex/tools\indentfirst.sty
Package: indentfirst 2023/07/02 v1.03 Indent first paragraph (DPC)
)
(E:\MiKTEX\tex/latex/geometry\geometry.sty
Package: geometry 2026/03/07 v6.0 Page Geometry

(E:\MiKTEX\tex/generic/iftex\ifvtex.sty
Package: ifvtex 2019/10/25 v1.7 ifvtex legacy package. Use iftex instead.
)
\Gm@cnth=\count466
\Gm@cntv=\count467
\c@Gm@tempcnt=\count468
\Gm@bindingoffset=\dimen181
\Gm@wd@mp=\dimen182
\Gm@odd@mp=\dimen183
\Gm@even@mp=\dimen184
\Gm@layoutwidth=\dimen185
\Gm@layoutheight=\dimen186
\Gm@layouthoffset=\dimen187
\Gm@layoutvoffset=\dimen188
\Gm@dimlist=\toks35

(E:\MiKTEX\tex/latex/geometry\geometry.cfg))
(E:\MiKTEX\tex/latex/pgf/frontendlayer\tikz.sty
(E:\MiKTEX\tex/latex/pgf/basiclayer\pgf.sty
(E:\MiKTEX\tex/latex/pgf/utilities\pgfrcs.sty
(E:\MiKTEX\tex/generic/pgf/utilities\pgfutil-common.tex
\pgfutil@everybye=\toks36
\pgfutil@tempdima=\dimen189
\pgfutil@tempdimb=\dimen190
)
(E:\MiKTEX\tex/generic/pgf/utilities\pgfutil-latex.def
\pgfutil@abb=\box69
)
(E:\MiKTEX\tex/generic/pgf/utilities\pgfrcs.code.tex
(E:\MiKTEX\tex/generic/pgf\pgf.revision.tex)
Package: pgfrcs 2025-08-29 v3.1.11a (3.1.11a)
))
Package: pgf 2025-08-29 v3.1.11a (3.1.11a)

(E:\MiKTEX\tex/latex/pgf/basiclayer\pgfcore.sty
(E:\MiKTEX\tex/latex/pgf/systemlayer\pgfsys.sty
(E:\MiKTEX\tex/generic/pgf/systemlayer\pgfsys.code.tex
Package: pgfsys 2025-08-29 v3.1.11a (3.1.11a)

(E:\MiKTEX\tex/generic/pgf/utilities\pgfkeys.code.tex
\pgfkeys@pathtoks=\toks37
\pgfkeys@temptoks=\toks38

(E:\MiKTEX\tex/generic/pgf/utilities\pgfkeyslibraryfiltered.code.tex
\pgfkeys@tmptoks=\toks39
))
\pgf@x=\dimen191
\pgf@y=\dimen192
\pgf@xa=\dimen193
\pgf@ya=\dimen194
\pgf@xb=\dimen195
\pgf@yb=\dimen196
\pgf@xc=\dimen197
\pgf@yc=\dimen198
\pgf@xd=\dimen199
\pgf@yd=\dimen256
\w@pgf@writea=\write4
\r@pgf@reada=\read3
\c@pgf@counta=\count469
\c@pgf@countb=\count470
\c@pgf@countc=\count471
\c@pgf@countd=\count472
\t@pgf@toka=\toks40
\t@pgf@tokb=\toks41
\t@pgf@tokc=\toks42
\pgf@sys@id@count=\count473

(E:\MiKTEX\tex/generic/pgf/systemlayer\pgf.cfg
File: pgf.cfg 2025-08-29 v3.1.11a (3.1.11a)
)
Driver file for pgf: pgfsys-pdftex.def

(E:\MiKTEX\tex/generic/pgf/systemlayer\pgfsys-pdftex.def
File: pgfsys-pdftex.def 2025-08-29 v3.1.11a (3.1.11a)

(E:\MiKTEX\tex/generic/pgf/systemlayer\pgfsys-common-pdf.def
File: pgfsys-common-pdf.def 2025-08-29 v3.1.11a (3.1.11a)
)))
(E:\MiKTEX\tex/generic/pgf/systemlayer\pgfsyssoftpath.code.tex
File: pgfsyssoftpath.code.tex 2025-08-29 v3.1.11a (3.1.11a)
\pgfsyssoftpath@smallbuffer@items=\count474
\pgfsyssoftpath@bigbuffer@items=\count475
)
(E:\MiKTEX\tex/generic/pgf/systemlayer\pgfsysprotocol.code.tex
File: pgfsysprotocol.code.tex 2025-08-29 v3.1.11a (3.1.11a)
))
(E:\MiKTEX\tex/generic/pgf/basiclayer\pgfcore.code.tex
Package: pgfcore 2025-08-29 v3.1.11a (3.1.11a)

(E:\MiKTEX\tex/generic/pgf/math\pgfmath.code.tex
(E:\MiKTEX\tex/generic/pgf/math\pgfmathutil.code.tex)
(E:\MiKTEX\tex/generic/pgf/math\pgfmathparser.code.tex
\pgfmath@dimen=\dimen257
\pgfmath@count=\count476
\pgfmath@box=\box70
\pgfmath@toks=\toks43
\pgfmath@stack@operand=\toks44
\pgfmath@stack@operation=\toks45
)
(E:\MiKTEX\tex/generic/pgf/math\pgfmathfunctions.code.tex)
(E:\MiKTEX\tex/generic/pgf/math\pgfmathfunctions.basic.code.tex)
(E:\MiKTEX\tex/generic/pgf/math\pgfmathfunctions.trigonometric.code.tex)
(E:\MiKTEX\tex/generic/pgf/math\pgfmathfunctions.random.code.tex)
(E:\MiKTEX\tex/generic/pgf/math\pgfmathfunctions.comparison.code.tex)
(E:\MiKTEX\tex/generic/pgf/math\pgfmathfunctions.base.code.tex)
(E:\MiKTEX\tex/generic/pgf/math\pgfmathfunctions.round.code.tex)
(E:\MiKTEX\tex/generic/pgf/math\pgfmathfunctions.misc.code.tex)
(E:\MiKTEX\tex/generic/pgf/math\pgfmathfunctions.integerarithmetics.code.tex)
(E:\MiKTEX\tex/generic/pgf/math\pgfmathcalc.code.tex)
(E:\MiKTEX\tex/generic/pgf/math\pgfmathfloat.code.tex
\c@pgfmathroundto@lastzeros=\count477
))
(E:\MiKTEX\tex/generic/pgf/math\pgfint.code.tex)
(E:\MiKTEX\tex/generic/pgf/basiclayer\pgfcorepoints.code.tex
File: pgfcorepoints.code.tex 2025-08-29 v3.1.11a (3.1.11a)
\pgf@picminx=\dimen258
\pgf@picmaxx=\dimen259
\pgf@picminy=\dimen260
\pgf@picmaxy=\dimen261
\pgf@pathminx=\dimen262
\pgf@pathmaxx=\dimen263
\pgf@pathminy=\dimen264
\pgf@pathmaxy=\dimen265
\pgf@xx=\dimen266
\pgf@xy=\dimen267
\pgf@yx=\dimen268
\pgf@yy=\dimen269
\pgf@zx=\dimen270
\pgf@zy=\dimen271
)
(E:\MiKTEX\tex/generic/pgf/basiclayer\pgfcorepathconstruct.code.tex
File: pgfcorepathconstruct.code.tex 2025-08-29 v3.1.11a (3.1.11a)
\pgf@path@lastx=\dimen272
\pgf@path@lasty=\dimen273
)
(E:\MiKTEX\tex/generic/pgf/basiclayer\pgfcorepathusage.code.tex
File: pgfcorepathusage.code.tex 2025-08-29 v3.1.11a (3.1.11a)
\pgf@shorten@end@additional=\dimen274
\pgf@shorten@start@additional=\dimen275
)
(E:\MiKTEX\tex/generic/pgf/basiclayer\pgfcorescopes.code.tex
File: pgfcorescopes.code.tex 2025-08-29 v3.1.11a (3.1.11a)
\pgfpic=\box71
\pgf@hbox=\box72
\pgf@layerbox@main=\box73
\pgf@picture@serial@count=\count478
)
(E:\MiKTEX\tex/generic/pgf/basiclayer\pgfcoregraphicstate.code.tex
File: pgfcoregraphicstate.code.tex 2025-08-29 v3.1.11a (3.1.11a)
\pgflinewidth=\dimen276
)
(E:\MiKTEX\tex/generic/pgf/basiclayer\pgfcoretransformations.code.tex
File: pgfcoretransformations.code.tex 2025-08-29 v3.1.11a (3.1.11a)
\pgf@pt@x=\dimen277
\pgf@pt@y=\dimen278
\pgf@pt@temp=\dimen279
)
(E:\MiKTEX\tex/generic/pgf/basiclayer\pgfcorequick.code.tex
File: pgfcorequick.code.tex 2025-08-29 v3.1.11a (3.1.11a)
)
(E:\MiKTEX\tex/generic/pgf/basiclayer\pgfcoreobjects.code.tex
File: pgfcoreobjects.code.tex 2025-08-29 v3.1.11a (3.1.11a)
)
(E:\MiKTEX\tex/generic/pgf/basiclayer\pgfcorepathprocessing.code.tex
File: pgfcorepathprocessing.code.tex 2025-08-29 v3.1.11a (3.1.11a)
)
(E:\MiKTEX\tex/generic/pgf/basiclayer\pgfcorearrows.code.tex
File: pgfcorearrows.code.tex 2025-08-29 v3.1.11a (3.1.11a)
\pgfarrowsep=\dimen280
)
(E:\MiKTEX\tex/generic/pgf/basiclayer\pgfcoreshade.code.tex
File: pgfcoreshade.code.tex 2025-08-29 v3.1.11a (3.1.11a)
\pgf@max=\dimen281
\pgf@sys@shading@range@num=\count479
\pgf@shadingcount=\count480
)
(E:\MiKTEX\tex/generic/pgf/basiclayer\pgfcoreimage.code.tex
File: pgfcoreimage.code.tex 2025-08-29 v3.1.11a (3.1.11a)
)
(E:\MiKTEX\tex/generic/pgf/basiclayer\pgfcoreexternal.code.tex
File: pgfcoreexternal.code.tex 2025-08-29 v3.1.11a (3.1.11a)
\pgfexternal@startupbox=\box74
)
(E:\MiKTEX\tex/generic/pgf/basiclayer\pgfcorelayers.code.tex
File: pgfcorelayers.code.tex 2025-08-29 v3.1.11a (3.1.11a)
)
(E:\MiKTEX\tex/generic/pgf/basiclayer\pgfcoretransparency.code.tex
File: pgfcoretransparency.code.tex 2025-08-29 v3.1.11a (3.1.11a)
)
(E:\MiKTEX\tex/generic/pgf/basiclayer\pgfcorepatterns.code.tex
File: pgfcorepatterns.code.tex 2025-08-29 v3.1.11a (3.1.11a)
)
(E:\MiKTEX\tex/generic/pgf/basiclayer\pgfcorerdf.code.tex
File: pgfcorerdf.code.tex 2025-08-29 v3.1.11a (3.1.11a)
)))
(E:\MiKTEX\tex/generic/pgf/modules\pgfmoduleshapes.code.tex
File: pgfmoduleshapes.code.tex 2025-08-29 v3.1.11a (3.1.11a)
\pgfnodeparttextbox=\box75
)
(E:\MiKTEX\tex/generic/pgf/modules\pgfmoduleplot.code.tex
File: pgfmoduleplot.code.tex 2025-08-29 v3.1.11a (3.1.11a)
)
(E:\MiKTEX\tex/latex/pgf/compatibility\pgfcomp-version-0-65.sty
Package: pgfcomp-version-0-65 2025-08-29 v3.1.11a (3.1.11a)
\pgf@nodesepstart=\dimen282
\pgf@nodesepend=\dimen283
)
(E:\MiKTEX\tex/latex/pgf/compatibility\pgfcomp-version-1-18.sty
Package: pgfcomp-version-1-18 2025-08-29 v3.1.11a (3.1.11a)
))
(E:\MiKTEX\tex/latex/pgf/utilities\pgffor.sty
(E:\MiKTEX\tex/latex/pgf/utilities\pgfkeys.sty
(E:\MiKTEX\tex/generic/pgf/utilities\pgfkeys.code.tex))
(E:\MiKTEX\tex/latex/pgf/math\pgfmath.sty
(E:\MiKTEX\tex/generic/pgf/math\pgfmath.code.tex))
(E:\MiKTEX\tex/generic/pgf/utilities\pgffor.code.tex
Package: pgffor 2025-08-29 v3.1.11a (3.1.11a)
\pgffor@iter=\dimen284
\pgffor@skip=\dimen285
\pgffor@stack=\toks46
\pgffor@toks=\toks47
))
(E:\MiKTEX\tex/generic/pgf/frontendlayer/tikz\tikz.code.tex
Package: tikz 2025-08-29 v3.1.11a (3.1.11a)

(E:\MiKTEX\tex/generic/pgf/libraries\pgflibraryplothandlers.code.tex
File: pgflibraryplothandlers.code.tex 2025-08-29 v3.1.11a (3.1.11a)
\pgf@plot@mark@count=\count481
\pgfplotmarksize=\dimen286
)
\tikz@lastx=\dimen287
\tikz@lasty=\dimen288
\tikz@lastxsaved=\dimen289
\tikz@lastysaved=\dimen290
\tikz@lastmovetox=\dimen291
\tikz@lastmovetoy=\dimen292
\tikzleveldistance=\dimen293
\tikzsiblingdistance=\dimen294
\tikz@figbox=\box76
\tikz@figbox@bg=\box77
\tikz@tempbox=\box78
\tikz@tempbox@bg=\box79
\tikztreelevel=\count482
\tikznumberofchildren=\count483
\tikznumberofcurrentchild=\count484
\tikz@fig@count=\count485

(E:\MiKTEX\tex/generic/pgf/modules\pgfmodulematrix.code.tex
File: pgfmodulematrix.code.tex 2025-08-29 v3.1.11a (3.1.11a)
\pgfmatrixcurrentrow=\count486
\pgfmatrixcurrentcolumn=\count487
\pgf@matrix@numberofcolumns=\count488
)
\tikz@expandcount=\count489

(E:\MiKTEX\tex/generic/pgf/frontendlayer/tikz/libraries\tikzlibrarytopaths.code
.tex
File: tikzlibrarytopaths.code.tex 2025-08-29 v3.1.11a (3.1.11a)
)))
(E:\MiKTEX\tex/generic/pgf/frontendlayer/tikz/libraries\tikzlibrarycalc.code.te
x
File: tikzlibrarycalc.code.tex 2025-08-29 v3.1.11a (3.1.11a)
)
\@quotelevel=\count490
\@quotereset=\count491
 (main.aux (Appendix/reassurances.aux) (Appendix/edit.aux)
(Appendix/advisor.aux) (Appendix/reviewer.aux) (Appendix/thanks.aux)
(Appendix/glossary.aux) (Appendix/summary.aux) (Chapter1/chapter1.aux)
(Chapter2/chapter2.aux) (Chapter3/chapter3.aux) (Chapter4/chapter4.aux)
(Chapter5/chapter5.aux) (Chapter6/chapter6.aux) (Appendix/publish.aux))
\openout1 = `main.aux'.

LaTeX Font Info:    Checking defaults for OML/cmm/m/it on input line 122.
LaTeX Font Info:    ... okay on input line 122.
LaTeX Font Info:    Checking defaults for OMS/cmsy/m/n on input line 122.
LaTeX Font Info:    ... okay on input line 122.
LaTeX Font Info:    Checking defaults for OT1/cmr/m/n on input line 122.
LaTeX Font Info:    ... okay on input line 122.
LaTeX Font Info:    Checking defaults for T1/cmr/m/n on input line 122.
LaTeX Font Info:    ... okay on input line 122.
LaTeX Font Info:    Checking defaults for TS1/cmr/m/n on input line 122.
LaTeX Font Info:    ... okay on input line 122.
LaTeX Font Info:    Checking defaults for OMX/cmex/m/n on input line 122.
LaTeX Font Info:    ... okay on input line 122.
LaTeX Font Info:    Checking defaults for U/cmr/m/n on input line 122.
LaTeX Font Info:    ... okay on input line 122.
LaTeX Font Info:    Checking defaults for T5/cmr/m/n on input line 122.
LaTeX Font Info:    ... okay on input line 122.
LaTeX Font Info:    Checking defaults for PD1/pdf/m/n on input line 122.
LaTeX Font Info:    ... okay on input line 122.
LaTeX Font Info:    Checking defaults for PU/pdf/m/n on input line 122.
LaTeX Font Info:    ... okay on input line 122.
Package biblatex Info: Trying to load language 'english'...
Package biblatex Info: ... file 'english.lbx' found.

(E:\MiKTEX\tex/latex/biblatex/lbx\english.lbx
File: english.lbx 2025/07/10 v3.21 biblatex localization (PK/MW)
)
Package biblatex Info: Input encoding 'utf8' detected.
Package biblatex Info: Automatic encoding selection.
(biblatex)             Assuming data encoding 'utf8'.
Package biblatex Info: Input encoding 'utf8' detected.
Package biblatex Info: Data encoding 'utf8' specified.
(biblatex)             No need to reencode data.
\openout3 = `main-blx.bib'.

Package biblatex Info: Trying to load bibliographic data...
Package biblatex Info: ... file 'main.bbl' found.
 (main.bbl)
Package biblatex Info: Reference section=0 on input line 122.
Package biblatex Info: Reference segment=0 on input line 122.
Package hyperref Info: Link coloring OFF on input line 122.
 (main.out) (main.out)
\@outlinefile=\write5
\openout5 = `main.out'.

(E:\MiKTEX\tex/context/base/mkii\supp-pdf.mkii
[Loading MPS to PDF converter (version 2006.09.02).]
\scratchcounter=\count492
\scratchdimen=\dimen295
\scratchbox=\box80
\nofMPsegments=\count493
\nofMParguments=\count494
\everyMPshowfont=\toks48
\MPscratchCnt=\count495
\MPscratchDim=\dimen296
\MPnumerator=\count496
\makeMPintoPDFobject=\count497
\everyMPtoPDFconversion=\toks49
) (E:\MiKTEX\tex/latex/epstopdf-pkg\epstopdf-base.sty
Package: epstopdf-base 2020-01-24 v2.11 Base part for package epstopdf
Package epstopdf-base Info: Redefining graphics rule for `.eps' on input line 4
85.

(E:\MiKTEX\tex/latex/00miktex\epstopdf-sys.cfg
File: epstopdf-sys.cfg 2021/03/18 v2.0 Configuration of epstopdf for MiKTeX
))
(E:\MiKTEX\tex/latex/pdflscape\pdflscape.sty
Package: pdflscape 2022-10-27 v0.13 Display of landscape pages in PDF

(E:\MiKTEX\tex/latex/pdflscape\pdflscape-nometadata.sty
Package: pdflscape-nometadata 2022-10-28 v0.13 Display of landscape pages in PD
F (HO)

(E:\MiKTEX\tex/latex/graphics\lscape.sty
Package: lscape 2020/05/28 v3.02 Landscape Pages (DPC)
)
Package pdflscape Info: Auto-detected driver: pdftex on input line 81.
))
\c@lstlisting=\count498

*geometry* driver: auto-detecting
*geometry* detected driver: pdftex
*geometry* verbose mode - [ preamble ] result:
* driver: pdftex
* paper: a4paper
* layout: <same size as paper>
* layoutoffset:(h,v)=(0.0pt,0.0pt)
* modes: includefoot 
* h-part:(L,W,R)=(85.35826pt, 455.24411pt, 56.9055pt)
* v-part:(T,H,B)=(85.35826pt, 688.5567pt, 71.13188pt)
* \paperwidth=597.50787pt
* \paperheight=845.04684pt
* \textwidth=455.24411pt
* \textheight=658.5567pt
* \oddsidemargin=13.08827pt
* \evensidemargin=13.08827pt
* \topmargin=-25.91173pt
* \headheight=14.0pt
* \headsep=25.0pt
* \topskip=14.0pt
* \footskip=30.0pt
* \marginparwidth=15.0pt
* \marginparsep=10.0pt
* \columnsep=10.0pt
* \skip\footins=12.0pt plus 4.0pt minus 2.0pt
* \hoffset=0.0pt
* \voffset=0.0pt
* \mag=1000
* \@twocolumnfalse
* \@twosidefalse
* \@mparswitchfalse
* \@reversemarginfalse
* (1in=72.27pt=25.4mm, 1cm=28.453pt)

(Title/title.tex [1

{C:/Users/ACER/AppData/Local/MiKTeX/fonts/map/pdftex/pdftex.map}] [2])
\openout2 = `Appendix/reassurances.aux'.

 (Appendix/reassurances.tex) [1


]
\openout2 = `Appendix/edit.aux'.

 (Appendix/edit.tex) [2




]
\openout2 = `Appendix/advisor.aux'.


(Appendix/advisor.tex) [3




]
\openout2 = `Appendix/reviewer.aux'.

 (Appendix/reviewer.tex) [4




]
\openout2 = `Appendix/thanks.aux'.

 (Appendix/thanks.tex)
[5




]
\c@pagesave=\count499
<proposal.pdf, id=541, 614.295pt x 794.97pt>
File: proposal.pdf Graphic file (type pdf)
<use proposal.pdf>
Package pdftex.def Info: proposal.pdf  used on input line 153.
(pdftex.def)             Requested size: 614.29349pt x 794.96806pt.
<proposal.pdf, id=543, page=1, 614.295pt x 794.97pt>
File: proposal.pdf Graphic file (type pdf)
<use proposal.pdf, page 1>
Package pdftex.def Info: proposal.pdf , page1 used on input line 153.
(pdftex.def)             Requested size: 614.29349pt x 794.96806pt.
File: proposal.pdf Graphic file (type pdf)
<use proposal.pdf, page 1>
Package pdftex.def Info: proposal.pdf , page1 used on input line 153.
(pdftex.def)             Requested size: 597.78697pt x 773.60669pt.
File: proposal.pdf Graphic file (type pdf)
<use proposal.pdf, page 1>
Package pdftex.def Info: proposal.pdf , page1 used on input line 153.
(pdftex.def)             Requested size: 597.78697pt x 773.60669pt.
File: proposal.pdf Graphic file (type pdf)
<use proposal.pdf, page 1>
Package pdftex.def Info: proposal.pdf , page1 used on input line 153.
(pdftex.def)             Requested size: 597.78697pt x 773.60669pt.
File: proposal.pdf Graphic file (type pdf)
<use proposal.pdf, page 1>
Package pdftex.def Info: proposal.pdf , page1 used on input line 153.
(pdftex.def)             Requested size: 597.78697pt x 773.60669pt.
 [6



 <./proposal.pdf>]
<proposal.pdf, id=588, page=2, 614.295pt x 794.97pt>
File: proposal.pdf Graphic file (type pdf)
<use proposal.pdf, page 2>
Package pdftex.def Info: proposal.pdf , page2 used on input line 153.
(pdftex.def)             Requested size: 597.78697pt x 773.60669pt.
File: proposal.pdf Graphic file (type pdf)
<use proposal.pdf, page 2>
Package pdftex.def Info: proposal.pdf , page2 used on input line 153.
(pdftex.def)             Requested size: 597.78697pt x 773.60669pt.
File: proposal.pdf Graphic file (type pdf)
<use proposal.pdf, page 2>
Package pdftex.def Info: proposal.pdf , page2 used on input line 153.
(pdftex.def)             Requested size: 597.78697pt x 773.60669pt.
 [7

 <./proposal.pdf>]
<proposal.pdf, id=593, page=3, 614.295pt x 794.97pt>
File: proposal.pdf Graphic file (type pdf)
<use proposal.pdf, page 3>
Package pdftex.def Info: proposal.pdf , page3 used on input line 153.
(pdftex.def)             Requested size: 597.78697pt x 773.60669pt.
File: proposal.pdf Graphic file (type pdf)
<use proposal.pdf, page 3>
Package pdftex.def Info: proposal.pdf , page3 used on input line 153.
(pdftex.def)             Requested size: 597.78697pt x 773.60669pt.
File: proposal.pdf Graphic file (type pdf)
<use proposal.pdf, page 3>
Package pdftex.def Info: proposal.pdf , page3 used on input line 153.
(pdftex.def)             Requested size: 597.78697pt x 773.60669pt.
 [8

 <./proposal.pdf>]
<proposal.pdf, id=598, page=4, 614.295pt x 794.97pt>
File: proposal.pdf Graphic file (type pdf)
<use proposal.pdf, page 4>
Package pdftex.def Info: proposal.pdf , page4 used on input line 153.
(pdftex.def)             Requested size: 597.78697pt x 773.60669pt.
File: proposal.pdf Graphic file (type pdf)
<use proposal.pdf, page 4>
Package pdftex.def Info: proposal.pdf , page4 used on input line 153.
(pdftex.def)             Requested size: 597.78697pt x 773.60669pt.
File: proposal.pdf Graphic file (type pdf)
<use proposal.pdf, page 4>
Package pdftex.def Info: proposal.pdf , page4 used on input line 153.
(pdftex.def)             Requested size: 597.78697pt x 773.60669pt.
 [9

 <./proposal.pdf>]
<proposal.pdf, id=608, page=5, 614.295pt x 794.97pt>
File: proposal.pdf Graphic file (type pdf)
<use proposal.pdf, page 5>
Package pdftex.def Info: proposal.pdf , page5 used on input line 153.
(pdftex.def)             Requested size: 597.78697pt x 773.60669pt.
File: proposal.pdf Graphic file (type pdf)
<use proposal.pdf, page 5>
Package pdftex.def Info: proposal.pdf , page5 used on input line 153.
(pdftex.def)             Requested size: 597.78697pt x 773.60669pt.
File: proposal.pdf Graphic file (type pdf)
<use proposal.pdf, page 5>
Package pdftex.def Info: proposal.pdf , page5 used on input line 153.
(pdftex.def)             Requested size: 597.78697pt x 773.60669pt.
 [10

 <./proposal.pdf>]
<proposal.pdf, id=613, page=6, 614.295pt x 794.97pt>
File: proposal.pdf Graphic file (type pdf)
<use proposal.pdf, page 6>
Package pdftex.def Info: proposal.pdf , page6 used on input line 153.
(pdftex.def)             Requested size: 597.78697pt x 773.60669pt.
File: proposal.pdf Graphic file (type pdf)
<use proposal.pdf, page 6>
Package pdftex.def Info: proposal.pdf , page6 used on input line 153.
(pdftex.def)             Requested size: 597.78697pt x 773.60669pt.
File: proposal.pdf Graphic file (type pdf)
<use proposal.pdf, page 6>
Package pdftex.def Info: proposal.pdf , page6 used on input line 153.
(pdftex.def)             Requested size: 597.78697pt x 773.60669pt.
 [11

 <./proposal.pdf>]
<proposal.pdf, id=637, page=7, 614.295pt x 794.97pt>
File: proposal.pdf Graphic file (type pdf)
<use proposal.pdf, page 7>
Package pdftex.def Info: proposal.pdf , page7 used on input line 153.
(pdftex.def)             Requested size: 597.78697pt x 773.60669pt.
File: proposal.pdf Graphic file (type pdf)
<use proposal.pdf, page 7>
Package pdftex.def Info: proposal.pdf , page7 used on input line 153.
(pdftex.def)             Requested size: 597.78697pt x 773.60669pt.
File: proposal.pdf Graphic file (type pdf)
<use proposal.pdf, page 7>
Package pdftex.def Info: proposal.pdf , page7 used on input line 153.
(pdftex.def)             Requested size: 597.78697pt x 773.60669pt.
 [12

 <./proposal.pdf>]
<proposal.pdf, id=648, page=8, 614.295pt x 794.97pt>
File: proposal.pdf Graphic file (type pdf)
<use proposal.pdf, page 8>
Package pdftex.def Info: proposal.pdf , page8 used on input line 153.
(pdftex.def)             Requested size: 597.78697pt x 773.60669pt.
File: proposal.pdf Graphic file (type pdf)
<use proposal.pdf, page 8>
Package pdftex.def Info: proposal.pdf , page8 used on input line 153.
(pdftex.def)             Requested size: 597.78697pt x 773.60669pt.
File: proposal.pdf Graphic file (type pdf)
<use proposal.pdf, page 8>
Package pdftex.def Info: proposal.pdf , page8 used on input line 153.
(pdftex.def)             Requested size: 597.78697pt x 773.60669pt.

[13

 <./proposal.pdf>]
<proposal.pdf, id=704, page=9, 614.295pt x 794.97pt>
File: proposal.pdf Graphic file (type pdf)
<use proposal.pdf, page 9>
Package pdftex.def Info: proposal.pdf , page9 used on input line 153.
(pdftex.def)             Requested size: 597.78697pt x 773.60669pt.
File: proposal.pdf Graphic file (type pdf)
<use proposal.pdf, page 9>
Package pdftex.def Info: proposal.pdf , page9 used on input line 153.
(pdftex.def)             Requested size: 597.78697pt x 773.60669pt.
File: proposal.pdf Graphic file (type pdf)
<use proposal.pdf, page 9>
Package pdftex.def Info: proposal.pdf , page9 used on input line 153.
(pdftex.def)             Requested size: 597.78697pt x 773.60669pt.
 [14

 <./proposal.pdf>]
<proposal.pdf, id=709, page=10, 614.295pt x 794.97pt>
File: proposal.pdf Graphic file (type pdf)
<use proposal.pdf, page 10>
Package pdftex.def Info: proposal.pdf , page10 used on input line 153.
(pdftex.def)             Requested size: 597.78697pt x 773.60669pt.
File: proposal.pdf Graphic file (type pdf)
<use proposal.pdf, page 10>
Package pdftex.def Info: proposal.pdf , page10 used on input line 153.
(pdftex.def)             Requested size: 597.78697pt x 773.60669pt.
File: proposal.pdf Graphic file (type pdf)
<use proposal.pdf, page 10>
Package pdftex.def Info: proposal.pdf , page10 used on input line 153.
(pdftex.def)             Requested size: 597.78697pt x 773.60669pt.
 [15

 <./proposal.pdf>]
<proposal.pdf, id=714, page=11, 614.295pt x 794.97pt>
File: proposal.pdf Graphic file (type pdf)
<use proposal.pdf, page 11>
Package pdftex.def Info: proposal.pdf , page11 used on input line 153.
(pdftex.def)             Requested size: 597.78697pt x 773.60669pt.
File: proposal.pdf Graphic file (type pdf)
<use proposal.pdf, page 11>
Package pdftex.def Info: proposal.pdf , page11 used on input line 153.
(pdftex.def)             Requested size: 597.78697pt x 773.60669pt.
File: proposal.pdf Graphic file (type pdf)
<use proposal.pdf, page 11>
Package pdftex.def Info: proposal.pdf , page11 used on input line 153.
(pdftex.def)             Requested size: 597.78697pt x 773.60669pt.
 [16

 <./proposal.pdf>]
<proposal.pdf, id=731, page=12, 614.295pt x 794.97pt>
File: proposal.pdf Graphic file (type pdf)
<use proposal.pdf, page 12>
Package pdftex.def Info: proposal.pdf , page12 used on input line 153.
(pdftex.def)             Requested size: 597.78697pt x 773.60669pt.
File: proposal.pdf Graphic file (type pdf)
<use proposal.pdf, page 12>
Package pdftex.def Info: proposal.pdf , page12 used on input line 153.
(pdftex.def)             Requested size: 597.78697pt x 773.60669pt.
File: proposal.pdf Graphic file (type pdf)
<use proposal.pdf, page 12>
Package pdftex.def Info: proposal.pdf , page12 used on input line 153.
(pdftex.def)             Requested size: 597.78697pt x 773.60669pt.
 [17

 <./proposal.pdf>]
<proposal.pdf, id=737, page=13, 614.295pt x 794.97pt>
File: proposal.pdf Graphic file (type pdf)
<use proposal.pdf, page 13>
Package pdftex.def Info: proposal.pdf , page13 used on input line 153.
(pdftex.def)             Requested size: 597.78697pt x 773.60669pt.
File: proposal.pdf Graphic file (type pdf)
<use proposal.pdf, page 13>
Package pdftex.def Info: proposal.pdf , page13 used on input line 153.
(pdftex.def)             Requested size: 597.78697pt x 773.60669pt.
File: proposal.pdf Graphic file (type pdf)
<use proposal.pdf, page 13>
Package pdftex.def Info: proposal.pdf , page13 used on input line 153.
(pdftex.def)             Requested size: 597.78697pt x 773.60669pt.
 [18

 <./proposal.pdf>]
<proposal.pdf, id=742, page=14, 614.295pt x 794.97pt>
File: proposal.pdf Graphic file (type pdf)
<use proposal.pdf, page 14>
Package pdftex.def Info: proposal.pdf , page14 used on input line 153.
(pdftex.def)             Requested size: 597.78697pt x 773.60669pt.
File: proposal.pdf Graphic file (type pdf)
<use proposal.pdf, page 14>
Package pdftex.def Info: proposal.pdf , page14 used on input line 153.
(pdftex.def)             Requested size: 597.78697pt x 773.60669pt.
File: proposal.pdf Graphic file (type pdf)
<use proposal.pdf, page 14>
Package pdftex.def Info: proposal.pdf , page14 used on input line 153.
(pdftex.def)             Requested size: 597.78697pt x 773.60669pt.
 [19

 <./proposal.pdf>]
(main.toc
LaTeX Font Info:    Trying to load font information for U+msa on input line 11.

 (E:\MiKTEX\tex/latex/amsfonts\umsa.fd
File: umsa.fd 2013/01/14 v3.01 AMS symbols A
)
LaTeX Font Info:    Trying to load font information for U+msb on input line 11.


(E:\MiKTEX\tex/latex/amsfonts\umsb.fd
File: umsb.fd 2013/01/14 v3.01 AMS symbols B
)
pdfTeX warning (ext4): destination with the same identifier (name{page.vi}) has
 been already used, duplicate ignored
<to be read again> 
                   \relax 
l.19 ...}C·∫•u tr√∫c kh√≥a lu·∫≠n}{8}{section.1.7}
                                                  % [6

]
pdfTeX warning (ext4): destination with the same identifier (name{page.vii}) ha
s been already used, duplicate ignored
<to be read again> 
                   \relax 
l.49 ...rameter-Shift Rule)}{39}{subsection.3.4.5}
                                                  % [7]
pdfTeX warning (ext4): destination with the same identifier (name{page.viii}) h
as been already used, duplicate ignored
<to be read again> 
                   \relax 
l.76 ...ntum Mixture of Experts)}{62}{section.4.4}
                                                  % [8]
pdfTeX warning (ext4): destination with the same identifier (name{page.ix}) has
 been already used, duplicate ignored
<to be read again> 
                   \relax 
l.104 ...luy·ªán v√† ƒë√°nh gi√°}{83}{section.5.4}
                                                  % [9])
\tf@toc=\write6
\openout6 = `main.toc'.


pdfTeX warning (ext4): destination with the same identifier (name{page.x}) has 
been already used, duplicate ignored
<to be read again> 
                   \relax 
l.159 \listoffigures
                     [10] (main.lof
pdfTeX warning (ext4): destination with the same identifier (name{page.xi}) has
 been already used, duplicate ignored
<to be read again> 
                   \relax 
l.11 ...ë·ªè = ƒë√°p ·ª©ng cao).}}{53}{figure.3.8}
                                                  % [11

]
LaTeX Font Info:    Trying to load font information for T5+cmtt on input line 1
5.

(E:\MiKTEX\tex/latex/vntex\t5cmtt.fd
File: t5cmtt.fd 1999/05/25 v2.5h Standard LaTeX font definitions
)
Overfull \hbox (76.45895pt too wide) in paragraph at lines 18--18
 \T5/cmr/m/n/14.4 sinh trÂng sË theo t¯ng ^^_i∫m £nh, v† k∏t nËi ph¶n d˜ $[]\OT
1/cmr/m/n/14.4 (\OML/cmm/m/it/14.4 F\OT1/cmr/m/n/14.4 ) = 
 []


pdfTeX warning (ext4): destination with the same identifier (name{page.xii}) ha
s been already used, duplicate ignored
<to be read again> 
                   \relax 
l.21 ...É hu·∫•n luy·ªán (xanh).}}{83}{figure.5.1}
                                                  % [12]
pdfTeX warning (ext4): destination with the same identifier (name{page.xiii}) h
as been already used, duplicate ignored
<to be read again> 
                   \relax 
l.28 ... tuy·ªát ƒë·ªëi ($1/3$).}}{98}{figure.5.8}
                                                  % [13]
Overfull \hbox (5.91275pt too wide) in paragraph at lines 29--29
 \T5/cmr/m/n/14.4 (ph£i). IoU-O/Dice-O: ng˜Ông Otsu; IoU-M/Dice-M: ng˜Ông 
 []


Overfull \hbox (10.85718pt too wide) in paragraph at lines 29--29
 \T5/cmr/m/n/14.4 matched; B-IoU: Bound-ary IoU; EPG: En-ergy Point-ing Game; 
 []


Overfull \hbox (7.6944pt too wide) in paragraph at lines 32--32
 [][] [][]\T5/cmr/m/n/14.4 So s°nh Seg-Grad-CAM tr∂n GlaS 2015 (mÊ hÂc nhi∑u tu
y∏n). 
 []

)
\tf@lof=\write7
\openout7 = `main.lof'.


pdfTeX warning (ext4): destination with the same identifier (name{page.xiv}) ha
s been already used, duplicate ignored
<to be read again> 
                   \relax 
l.160 \listoftables
                    [14] (main.lot
Overfull \hbox (0.86139pt too wide) detected at line 1
 []\T5/cmr/m/n/14.4 xvii
 []


pdfTeX warning (ext4): destination with the same identifier (name{page.xv}) has
 been already used, duplicate ignored
<to be read again> 
                   \relax 
l.20 ...Ω (QuMoE, PH2, $5$-fold).}}{90}{table.5.9}
                                                  % [15

])
\tf@lot=\write8
\openout8 = `main.lot'.


pdfTeX warning (ext4): destination with the same identifier (name{page.xvi}) ha
s been already used, duplicate ignored
<to be read again> 
                   \relax 
l.164 \include{Appendix/glossary}
                                  [16]
\openout2 = `Appendix/glossary.aux'.

 (Appendix/glossary.tex
Underfull \hbox (badness 10000) in paragraph at lines 18--18
[]|\T5/cmr/bx/n/14.4 T¯ vi∏t
 []


Underfull \hbox (badness 10000) in paragraph at lines 23--23
[]|\T5/cmr/bx/n/14.4 T¯ vi∏t
 []


Underfull \hbox (badness 3679) in paragraph at lines 34--34
[]|\T5/cmr/m/n/14.4 Diªn tΩch d˜Ói ^^_˜Ìng
 []


Underfull \hbox (badness 10000) in paragraph at lines 34--34
\T5/cmr/m/n/14.4 cong (chø sË Dele-
 []


Underfull \hbox (badness 3701) in paragraph at lines 36--36
[]|\T5/cmr/m/n/14.4 Class Ac-ti-va-tion Map-
 []


Underfull \hbox (badness 1629) in paragraph at lines 36--36
[]|\T5/cmr/m/n/14.4 B£n ^^_Á kΩch ho§t lÓp
 []


Underfull \hbox (badness 5908) in paragraph at lines 36--36
\T5/cmr/m/n/14.4 (n∑n t£ng cıa Grad-
 []


Underfull \hbox (badness 2057) in paragraph at lines 37--37
[]|\T5/cmr/m/n/14.4 Kho£ng tin c™y (ki∫m
 []


Underfull \hbox (badness 10000) in paragraph at lines 38--38
[]|\T5/cmr/m/n/14.4 Convolutional Neu-ral
 []


Underfull \hbox (badness 3668) in paragraph at lines 42--42
[]|\T5/cmr/m/n/14.4 Dice Sim-i-lar-ity Co-ef-fi-
 []


Underfull \hbox (badness 4156) in paragraph at lines 43--43
\T5/cmr/m/n/14.4 rÏi v†o vÚng ground-
 []


Underfull \hbox (badness 10000) in paragraph at lines 44--44
[]|\T5/cmr/m/n/14.4 Gland Seg-men-ta-tion
 []


Underfull \hbox (badness 10000) in paragraph at lines 45--45
[]|\T5/cmr/m/n/14.4 Graphics Pro-cess-ing
 []


Underfull \hbox (badness 10000) in paragraph at lines 46--46
[]|\T5/cmr/m/n/14.4 Grad-
 []


Underfull \hbox (badness 10000) in paragraph at lines 47--47
[]|\T5/cmr/m/n/14.4 Hausdorff Dis-tance
 []


Underfull \hbox (badness 2318) in paragraph at lines 47--47
[]|\T5/cmr/m/n/14.4 Kho£ng c°ch bi∂n ^^_Ëi
 []


Underfull \hbox (badness 10000) in paragraph at lines 48--48
[]|\T5/cmr/m/n/14.4 Hybrid Quantum-
 []


Underfull \hbox (badness 10000) in paragraph at lines 49--49
[]|\T5/cmr/m/n/14.4 HQMoSS-
 []


Underfull \hbox (badness 10000) in paragraph at lines 51--51
[]|\T5/cmr/m/n/14.4 Lightweight Se-lec-tive
 []


Underfull \hbox (badness 3343) in paragraph at lines 55--55
[]|\T5/cmr/m/n/14.4 T™p d˙ liªu £nh tÍn
 []


Underfull \hbox (badness 10000) in paragraph at lines 57--57
[]|\T5/cmr/m/n/14.4 Quantum Ma-chine
 []


Underfull \hbox (badness 10000) in paragraph at lines 58--58
[]|\T5/cmr/m/n/14.4 Quantum-
 []


Underfull \hbox (badness 1226) in paragraph at lines 58--58
[]|\T5/cmr/m/n/14.4 HÈn hÒp nh°nh x˚ l˛
 []


Underfull \hbox (badness 5403) in paragraph at lines 59--59
[]|\T5/cmr/m/n/14.4 Quantum Fea-ture Ex-
 []


Underfull \hbox (badness 10000) in paragraph at lines 62--62
[]|\T5/cmr/m/n/14.4 Seg-Grad-
 []


Underfull \hbox (badness 10000) in paragraph at lines 62--62
[]|\T5/cmr/m/n/14.4 Segmentation Grad-
 []


Underfull \hbox (badness 7047) in paragraph at lines 63--63
[]|\T5/cmr/m/n/14.4 MÊ hºnh khÊng gian
 []

ignored error: Infinite glue shrinkage found in box being split
pdfTeX warning (ext4): destination with the same identifier (name{page.xvii}) h
as been already used, duplicate ignored
<to be read again> 
                   \relax 
l.66 \end{longtable}
                     [17


]
ignored error: Infinite glue shrinkage found in box being split
pdfTeX warning (ext4): destination with the same identifier (name{page.xviii}) 
has been already used, duplicate ignored
<to be read again> 
                   \relax 
l.66 \end{longtable}
                     [18]
ignored error: Infinite glue shrinkage found in box being split
pdfTeX warning (ext4): destination with the same identifier (name{page.xix}) ha
s been already used, duplicate ignored
<to be read again> 
                   \relax 
l.66 \end{longtable}
                     [19]
Underfull \hbox (badness 1931) in paragraph at lines 93--93
[]|\T5/cmr/m/n/14.4 Amplitude Em-
 []


Underfull \hbox (badness 5696) in paragraph at lines 101--101
[]|\T5/cmr/m/n/14.4 Dilated Con-vo-
 []


Underfull \hbox (badness 10000) in paragraph at lines 110--110
[]|\T5/cmr/m/n/14.4 KhÊng gian
 []


Underfull \hbox (badness 10000) in paragraph at lines 118--118
[]|\T5/cmr/m/n/14.4 State Space
 []

ignored error: Infinite glue shrinkage found in box being split [20]
ignored error: Infinite glue shrinkage found in box being split [21]
ignored error: Infinite glue shrinkage found in box being split [22]) [23]
\openout2 = `Appendix/summary.aux'.


(Appendix/summary.tex) [24




]
\openout2 = `Chapter1/chapter1.aux'.

 (Chapter1/chapter1.tex
Ch∆∞∆°ng 1.

pdfTeX warning (ext4): destination with the same identifier (name{page.1}) has 
been already used, duplicate ignored
<to be read again> 
                   \relax 
l.11     \item
               \textbf{Ph√¢n ƒëo·∫°n t·ªïn th∆∞∆°ng da (Skin lesion segmenta...
[1





]
pdfTeX warning (ext4): destination with the same identifier (name{page.2}) has 
been already used, duplicate ignored
<to be read again> 
                   \relax 
l.19 
      [2] [3] [4] [5] [6] [7] [8]) [9]
\openout2 = `Chapter2/chapter2.aux'.

 (Chapter2/chapter2.tex
Ch∆∞∆°ng 2.
[10




] [11] [12] [13] [14]
Overfull \hbox (10.6438pt too wide) in paragraph at lines 27--27
[]\T5/cmr/bx/n/20.74 MÊ hºnh khÊng gian tr§ng th°i v† Mamba 
 []

[15]) [16]
\openout2 = `Chapter3/chapter3.aux'.

 (Chapter3/chapter3.tex
Ch∆∞∆°ng 3.
[17




]
<figures/fig_segmentation_task.pdf, id=1375, 253.09958pt x 211.17194pt>
File: figures/fig_segmentation_task.pdf Graphic file (type pdf)
<use figures/fig_segmentation_task.pdf>
Package pdftex.def Info: figures/fig_segmentation_task.pdf  used on input line 
12.
(pdftex.def)             Requested size: 327.7763pt x 273.48268pt.
 [18
pdfTeX warning (ext4): destination with the same identifier (name{figure.3.1}) 
has been already used, duplicate ignored
<argument> ...shipout:D \box_use:N \l_shipout_box 
                                                  \__shipout_drop_firstpage_...
l.21     \item \textbf
                      {M·∫•t c√¢n b·∫±ng l·ªõp (class imbalance):} v√πng ƒë·...
 <./figures/fig_segmentation_task.pdf>] [19] [20] [21]
Overfull \hbox (17.71138pt too wide) in paragraph at lines 71--72
\T5/cmr/bx/n/14.4 Cross-Entropy (BCE) \T5/cmr/m/n/14.4 -- ^^_Ûng nh˜ cßu hºnh \
T5/cmtt/m/n/14.4 loss="binary_crossentropy"
 []

[22] [23]
<figures/fig_unet.pdf, id=1486, 449.42003pt x 205.15144pt>
File: figures/fig_unet.pdf Graphic file (type pdf)
<use figures/fig_unet.pdf>
Package pdftex.def Info: figures/fig_unet.pdf  used on input line 116.
(pdftex.def)             Requested size: 432.48051pt x 197.42207pt.
 [24
pdfTeX warning (ext4): destination with the same identifier (name{figure.3.2}) 
has been already used, duplicate ignored
<argument> ...shipout:D \box_use:N \l_shipout_box 
                                                  \__shipout_drop_firstpage_...
l.124 \end{equation}
                     <./figures/fig_unet.pdf>] [25] [26]
<figures/fig_dilated_conv.pdf, id=1545, 412.12671pt x 164.75653pt>
File: figures/fig_dilated_conv.pdf Graphic file (type pdf)
<use figures/fig_dilated_conv.pdf>
Package pdftex.def Info: figures/fig_dilated_conv.pdf  used on input line 151.
(pdftex.def)             Requested size: 409.71692pt x 163.79326pt.
 [27
pdfTeX warning (ext4): destination with the same identifier (name{figure.3.3}) 
has been already used, duplicate ignored
<argument> ...shipout:D \box_use:N \l_shipout_box 
                                                  \__shipout_drop_firstpage_...
l.166 
       <./figures/fig_dilated_conv.pdf>] [28] [29]
<figures/fig_bloch_sphere.pdf, id=1599, 203.02249pt x 206.65105pt>
File: figures/fig_bloch_sphere.pdf Graphic file (type pdf)
<use figures/fig_bloch_sphere.pdf>
Package pdftex.def Info: figures/fig_bloch_sphere.pdf  used on input line 204.
(pdftex.def)             Requested size: 191.20169pt x 194.62407pt.
 [30
pdfTeX warning (ext4): destination with the same identifier (name{figure.3.4}) 
has been already used, duplicate ignored
<argument> ...shipout:D \box_use:N \l_shipout_box 
                                                  \__shipout_drop_firstpage_...
l.220 \end{equation}
                     <./figures/fig_bloch_sphere.pdf>] [31]
Overfull \hbox (37.91235pt too wide) in paragraph at lines 230--231
\OML/cmm/m/it/14.4 ^^R$ \T5/cmr/m/n/14.4 (trºnh b†y chi ti∏t ngay d˜Ói ^^_•y). 
CÍng $[]\OT1/cmr/m/n/14.4 (\OML/cmm/m/it/14.4 ^^^; ^^R; !\OT1/cmr/m/n/14.4 ) = 
\OML/cmm/m/it/14.4 R[]\OT1/cmr/m/n/14.4 (\OML/cmm/m/it/14.4 !\OT1/cmr/m/n/14.4 
)\OML/cmm/m/it/14.4 R[]\OT1/cmr/m/n/14.4 (\OML/cmm/m/it/14.4 ^^R\OT1/cmr/m/n/14
.4 )\OML/cmm/m/it/14.4 R[]\OT1/cmr/m/n/14.4 (\OML/cmm/m/it/14.4 ^^^\OT1/cmr/m/n
/14.4 )$
 []

[32]
<figures/fig_quantum_circuit.pdf, id=1631, 218.08276pt x 135.79733pt>
File: figures/fig_quantum_circuit.pdf Graphic file (type pdf)
<use figures/fig_quantum_circuit.pdf>
Package pdftex.def Info: figures/fig_quantum_circuit.pdf  used on input line 25
2.
(pdftex.def)             Requested size: 282.24911pt x 175.76773pt.


LaTeX Warning: `h' float specifier changed to `ht'.

[33]
LaTeX Font Info:    Font shape `T5/cmtt/bx/n' in size <14.4> not available
(Font)              Font shape `T5/cmtt/m/n' tried instead on input line 260.
 [34
pdfTeX warning (ext4): destination with the same identifier (name{figure.3.5}) 
has been already used, duplicate ignored
<argument> ...shipout:D \box_use:N \l_shipout_box 
                                                  \__shipout_drop_firstpage_...
l.269 \subsection
                 {M√£ h√≥a d·ªØ li·ªáu (Data Encoding)} <./figures/fig_quantum_
circuit.pdf>] [35] [36] [37] [38] [39] [40] [41] [42]
<figures/fig_moe.pdf, id=1732, 357.43234pt x 189.2641pt>
File: figures/fig_moe.pdf Graphic file (type pdf)
<use figures/fig_moe.pdf>
Package pdftex.def Info: figures/fig_moe.pdf  used on input line 368.
(pdftex.def)             Requested size: 355.08984pt x 188.03624pt.
 [43
pdfTeX warning (ext4): destination with the same identifier (name{figure.3.6}) 
has been already used, duplicate ignored
<argument> ...shipout:D \box_use:N \l_shipout_box 
                                                  \__shipout_drop_firstpage_...
l.375 
       <./figures/fig_moe.pdf>] [44] [45] [46] [47]
<figures/fig_mamba_ssm.pdf, id=1826, 402.24377pt x 163.37035pt>
File: figures/fig_mamba_ssm.pdf Graphic file (type pdf)
<use figures/fig_mamba_ssm.pdf>
Package pdftex.def Info: figures/fig_mamba_ssm.pdf  used on input line 452.
(pdftex.def)             Requested size: 409.71692pt x 166.41367pt.


LaTeX Warning: `h' float specifier changed to `ht'.

[48] [49
pdfTeX warning (ext4): destination with the same identifier (name{figure.3.7}) 
has been already used, duplicate ignored
<argument> ...shipout:D \box_use:N \l_shipout_box 
                                                  \__shipout_drop_firstpage_...
l.465 
       <./figures/fig_mamba_ssm.pdf>] [50] [51] [52]
<figures/fig_seggradcam.pdf, id=1933, 497.49866pt x 280.90245pt>
File: figures/fig_seggradcam.pdf Graphic file (type pdf)
<use figures/fig_seggradcam.pdf>
Package pdftex.def Info: figures/fig_seggradcam.pdf  used on input line 516.
(pdftex.def)             Requested size: 386.96027pt x 218.49866pt.
 [53
pdfTeX warning (ext4): destination with the same identifier (name{figure.3.8}) 
has been already used, duplicate ignored
<argument> ...shipout:D \box_use:N \l_shipout_box 
                                                  \__shipout_drop_firstpage_...
l.524 
       <./figures/fig_seggradcam.pdf>] [54] [55]) [56]
\openout2 = `Chapter4/chapter4.aux'.

 (Chapter4/chapter4.tex
Ch∆∞∆°ng 4.
[57




]
<figures/fig_hqmoss_overview.pdf, id=2029, 649.56177pt x 277.69748pt>
File: figures/fig_hqmoss_overview.pdf Graphic file (type pdf)
<use figures/fig_hqmoss_overview.pdf>
Package pdftex.def Info: figures/fig_hqmoss_overview.pdf  used on input line 13
.
(pdftex.def)             Requested size: 455.24411pt x 194.62843pt.

Overfull \hbox (3.19183pt too wide) in paragraph at lines 22--23
[]\T5/cmr/m/n/14.4 U-Net ^^_˜Òc chÂn l†m bÎ khung (back-bone, thay vº Seg-Net h
ay DeepLab)
 []

[58
pdfTeX warning (ext4): destination with the same identifier (name{figure.4.1}) 
has been already used, duplicate ignored
<argument> ...shipout:D \box_use:N \l_shipout_box 
                                                  \__shipout_drop_firstpage_...
l.23 
      <./figures/fig_hqmoss_overview.pdf>] [59]
Overfull \hbox (0.81223pt too wide) in paragraph at lines 31--32
[]\T5/cmr/m/n/14.4 C°c nh°nh x˚ l˛ l˜Òng t˚ s˚ dˆng ^^_o l˜Ìng ph•n bË x°c sußt
 \T5/cmtt/m/n/14.4 qml.probs\T5/cmr/m/n/14.4 ,
 []

[60]
Overfull \hbox (12.06258pt too wide) detected at line 48
[][][]\OML/cmm/m/it/14.4 b[] \OT1/cmr/m/n/14.4 = [][][][](\OML/cmm/m/it/14.4 s\
OT1/cmr/m/n/14.4 )[]\OML/cmm/m/it/14.4 ;  r \OMS/cmsy/m/n/14.4 2 f\OT1/cmr/m/n/
14.4 1\OML/cmm/m/it/14.4 ; \OT1/cmr/m/n/14.4 2\OML/cmm/m/it/14.4 ; \OT1/cmr/m/n
/14.4 3\OMS/cmsy/m/n/14.4 g\OT1/cmr/m/n/14.4 ;  \OML/cmm/m/it/14.4 u \OT1/cmr/m
/n/14.4 = [][][][ \OML/cmm/m/it/14.4 b[]; b[]; b[] \OT1/cmr/m/n/14.4 ][]\OML/cm
m/m/it/14.4 :
 []

<figures/fig_rdms_block.pdf, id=2092, 568.3373pt x 182.69556pt>
File: figures/fig_rdms_block.pdf Graphic file (type pdf)
<use figures/fig_rdms_block.pdf>
Package pdftex.def Info: figures/fig_rdms_block.pdf  used on input line 57.
(pdftex.def)             Requested size: 418.82375pt x 134.63783pt.

LaTeX Warning: `h' float specifier changed to `ht'.

[61]
Package hyperref Info: bookmark level for unknown algorithm defaults to 0 on in
put line 71.

Underfull \hbox (badness 10000) in paragraph at lines 78--79
[]\T5/cmr/m/n/14.4 VÓi mÈi patch: \T5/cmtt/m/n/14.4 AmplitudeEmbedding \T5/cmr/
m/n/14.4 (chu©n h‚a $\OML/cmm/m/it/14.4 L[]$\T5/cmr/m/n/14.4 ) $\OMS/cmsy/m/n/1
4.4 !$
 []


LaTeX Warning: `h' float specifier changed to `ht'.

[62
pdfTeX warning (ext4): destination with the same identifier (name{figure.4.2}) 
has been already used, duplicate ignored
<argument> ...shipout:D \box_use:N \l_shipout_box 
                                                  \__shipout_drop_firstpage_...
l.87 
      <./figures/fig_rdms_block.pdf>]
<figures/fig_quantum_expert.pdf, id=2143, 380.39516pt x 122.5107pt>
File: figures/fig_quantum_expert.pdf Graphic file (type pdf)
<use figures/fig_quantum_expert.pdf>
Package pdftex.def Info: figures/fig_quantum_expert.pdf  used on input line 90.

(pdftex.def)             Requested size: 432.48051pt x 139.29161pt.
 [63
pdfTeX warning (ext4): destination with the same identifier (name{figure.4.3}) 
has been already used, duplicate ignored
<argument> ...shipout:D \box_use:N \l_shipout_box 
                                                  \__shipout_drop_firstpage_...
l.97 
      <./figures/fig_quantum_expert.pdf>]
<figures/fig_pqc_main.pdf, id=2180, 449.45515pt x 211.84444pt>
File: figures/fig_pqc_main.pdf Graphic file (type pdf)
<use figures/fig_pqc_main.pdf>
Package pdftex.def Info: figures/fig_pqc_main.pdf  used on input line 121.
(pdftex.def)             Requested size: 455.24411pt x 214.57858pt.


LaTeX Warning: `h' float specifier changed to `ht'.

[64] [65
pdfTeX warning (ext4): destination with the same identifier (name{figure.4.4}) 
has been already used, duplicate ignored
<argument> ...shipout:D \box_use:N \l_shipout_box 
                                                  \__shipout_drop_firstpage_...
l.149 \begin{equation}
                      
pdfTeX warning (ext4): destination with the same identifier (name{table.4.1}) h
as been already used, duplicate ignored
<argument> ...shipout:D \box_use:N \l_shipout_box 
                                                  \__shipout_drop_firstpage_...
l.149 \begin{equation}
                       <./figures/fig_pqc_main.pdf>]
<figures/fig_overlap_add.pdf, id=2251, 366.0325pt x 142.74731pt>
File: figures/fig_overlap_add.pdf Graphic file (type pdf)
<use figures/fig_overlap_add.pdf>
Package pdftex.def Info: figures/fig_overlap_add.pdf  used on input line 157.
(pdftex.def)             Requested size: 386.96027pt x 150.90845pt.
 [66
pdfTeX warning (ext4): destination with the same identifier (name{figure.4.5}) 
has been already used, duplicate ignored
<argument> ...shipout:D \box_use:N \l_shipout_box 
                                                  \__shipout_drop_firstpage_...
l.164 \begin{equation}
                       <./figures/fig_overlap_add.pdf>]
<figures/fig_quantum_moe.pdf, id=2296, 464.95505pt x 232.46248pt>
File: figures/fig_quantum_moe.pdf Graphic file (type pdf)
<use figures/fig_quantum_moe.pdf>
Package pdftex.def Info: figures/fig_quantum_moe.pdf  used on input line 177.
(pdftex.def)             Requested size: 455.24411pt x 227.61302pt.


LaTeX Warning: `h' float specifier changed to `ht'.

[67] [68
pdfTeX warning (ext4): destination with the same identifier (name{figure.4.6}) 
has been already used, duplicate ignored
<argument> ...shipout:D \box_use:N \l_shipout_box 
                                                  \__shipout_drop_firstpage_...
l.190     \item C
                 hi·∫øu $1\times 1$ v·ªÅ $C$ k√™nh v·ªõi tr·ªçng s·ªë \emph{...
 <./figures/fig_quantum_moe.pdf>]
<figures/fig_lss_block.pdf, id=2379, 561.84705pt x 217.81776pt>
File: figures/fig_lss_block.pdf Graphic file (type pdf)
<use figures/fig_lss_block.pdf>
Package pdftex.def Info: figures/fig_lss_block.pdf  used on input line 196.
(pdftex.def)             Requested size: 455.24411pt x 176.4879pt.


LaTeX Warning: `h' float specifier changed to `ht'.

[69
pdfTeX warning (ext4): destination with the same identifier (name{figure.4.7}) 
has been already used, duplicate ignored
<argument> ...shipout:D \box_use:N \l_shipout_box 
                                                  \__shipout_drop_firstpage_...
l.225 
       <./figures/fig_lss_block.pdf>] [70] [71
pdfTeX warning (ext4): destination with the same identifier (name{table.4.2}) h
as been already used, duplicate ignored
<argument> ...shipout:D \box_use:N \l_shipout_box 
                                                  \__shipout_drop_firstpage_...
l.257 
      ] [72] [73] [74
pdfTeX warning (ext4): destination with the same identifier (name{table.4.3}) h
as been already used, duplicate ignored
<argument> ...shipout:D \box_use:N \l_shipout_box 
                                                  \__shipout_drop_firstpage_...
l.297     \item
                \textbf{U-Net} \cite{ronneberger2015unet}: m√¥ h√¨nh c·ªï ƒë...
] [75] [76]
Underfull \hbox (badness 10000) in paragraph at lines 334--334
[]|\T5/cmr/bx/n/14.4 K∏t qu£ quan s°t
 []


Underfull \hbox (badness 1565) in paragraph at lines 334--334
[]|\T5/cmr/m/n/14.4 BÎ khung U-
 []


Underfull \hbox (badness 10000) in paragraph at lines 334--334
[]|\T5/cmr/m/n/14.4 KhËi RDMS
 []


Underfull \hbox (badness 3049) in paragraph at lines 334--334
[]|\T5/cmr/m/n/14.4 M rÎng tr˜Ìng nhºn 
 []


Underfull \hbox (badness 1472) in paragraph at lines 334--334
\T5/cmr/m/n/14.4 g‚p lÓn nhßt: $\OT1/cmr/m/n/14.4 +6\OML/cmm/m/it/14.4 :\OT1/cm
r/m/n/14.4 18%$
 []


Underfull \hbox (badness 10000) in paragraph at lines 334--334
[]|\T5/cmr/m/n/14.4 QuantumMoE
 []


Underfull \hbox (badness 1112) in paragraph at lines 334--334
\T5/cmr/m/n/14.4 gi†u bi∫u diπn, hiªu qu£
 []


Underfull \hbox (badness 3679) in paragraph at lines 334--334
[]|$\OT1/cmr/m/n/14.4 +4\OML/cmm/m/it/14.4 :\OT1/cmr/m/n/14.4 37%$ \T5/cmr/m/n/
14.4 khi b™t ri∂ng;
 []


Underfull \hbox (badness 2591) in paragraph at lines 334--334
[]|\T5/cmr/m/n/14.4 M¢ h‚a bi∂n
 []


Underfull \hbox (badness 10000) in paragraph at lines 334--334
[]|\T5/cmr/m/n/14.4 ^^^©y cßu hºnh th¸c
 []


Underfull \hbox (badness 10000) in paragraph at lines 334--334
\T5/cmr/m/n/14.4 nghiªm ^^_¶y ^^_ı v˜Òt
 []


Underfull \hbox (badness 10000) in paragraph at lines 334--334
\T5/cmr/m/n/14.4 QuMoE+RDMS l∂n
 []


Underfull \hbox (badness 10000) in paragraph at lines 334--334
\T5/cmr/m/n/14.4 d˜ (RDMS,
 []


Underfull \hbox (badness 2469) in paragraph at lines 334--334
[]|\T5/cmr/m/n/14.4 Hußn luyªn hÎi tˆ Ín
 []

[77]) [78
pdfTeX warning (ext4): destination with the same identifier (name{table.4.4}) h
as been already used, duplicate ignored
<argument> ...shipout:D \box_use:N \l_shipout_box 
                                                  \__shipout_drop_firstpage_...
l.180 \include{Chapter4/chapter4}
                                 ] [79]
\openout2 = `Chapter5/chapter5.aux'.

 (Chapter5/chapter5.tex
Ch∆∞∆°ng 5.
[80




]
Underfull \hbox (badness 6125) in paragraph at lines 26--26
[]|\T5/cmr/m/n/14.4 Nhi∑u tuy∏n, bi∂n
 []


Underfull \hbox (badness 2393) in paragraph at lines 26--26
\T5/cmr/m/n/14.4 ph˘c t§p, n∑n mÊ
 []

[81
pdfTeX warning (ext4): destination with the same identifier (name{table.5.1}) h
as been already used, duplicate ignored
<argument> ...shipout:D \box_use:N \l_shipout_box 
                                                  \__shipout_drop_firstpage_...
l.33 
     ] [82
pdfTeX warning (ext4): destination with the same identifier (name{table.5.2}) h
as been already used, duplicate ignored
<argument> ...shipout:D \box_use:N \l_shipout_box 
                                                  \__shipout_drop_firstpage_...
l.58 
     ]
<figures/fig_kfold_cv.pdf, id=2523, 298.32655pt x 180.44313pt>
File: figures/fig_kfold_cv.pdf Graphic file (type pdf)
<use figures/fig_kfold_cv.pdf>
Package pdftex.def Info: figures/fig_kfold_cv.pdf  used on input line 66.
(pdftex.def)             Requested size: 282.24911pt x 170.72614pt.
<figures/fig_experiment_pipeline.pdf, id=2524, 403.92006pt x 197.79195pt>
File: figures/fig_experiment_pipeline.pdf Graphic file (type pdf)
<use figures/fig_experiment_pipeline.pdf>
Package pdftex.def Info: figures/fig_experiment_pipeline.pdf  used on input lin
e 73.
(pdftex.def)             Requested size: 432.48051pt x 211.78316pt.


LaTeX Warning: `h' float specifier changed to `ht'.

[83
pdfTeX warning (ext4): destination with the same identifier (name{figure.5.1}) 
has been already used, duplicate ignored
<argument> ...shipout:D \box_use:N \l_shipout_box 
                                                  \__shipout_drop_firstpage_...
l.78 \FloatBarrier
                   <./figures/fig_kfold_cv.pdf>]

LaTeX Warning: `h' float specifier changed to `ht'.


LaTeX Warning: `h' float specifier changed to `ht'.

[84
pdfTeX warning (ext4): destination with the same identifier (name{figure.5.2}) 
has been already used, duplicate ignored
<argument> ...shipout:D \box_use:N \l_shipout_box 
                                                  \__shipout_drop_firstpage_...
l.123 
       <./figures/fig_experiment_pipeline.pdf>] [85
pdfTeX warning (ext4): destination with the same identifier (name{table.5.3}) h
as been already used, duplicate ignored
<argument> ...shipout:D \box_use:N \l_shipout_box 
                                                  \__shipout_drop_firstpage_...
l.146 \end{table}
                 
pdfTeX warning (ext4): destination with the same identifier (name{table.5.4}) h
as been already used, duplicate ignored
<argument> ...shipout:D \box_use:N \l_shipout_box 
                                                  \__shipout_drop_firstpage_...
l.146 \end{table}
                 ] [86
pdfTeX warning (ext4): destination with the same identifier (name{table.5.5}) h
as been already used, duplicate ignored
<argument> ...shipout:D \box_use:N \l_shipout_box 
                                                  \__shipout_drop_firstpage_...
l.168 
      
pdfTeX warning (ext4): destination with the same identifier (name{table.5.6}) h
as been already used, duplicate ignored
<argument> ...shipout:D \box_use:N \l_shipout_box 
                                                  \__shipout_drop_firstpage_...
l.168 
      ]
<figures/fig_bar_models.pdf, id=2570, 499.60251pt x 199.16206pt>
File: figures/fig_bar_models.pdf Graphic file (type pdf)
<use figures/fig_bar_models.pdf>
Package pdftex.def Info: figures/fig_bar_models.pdf  used on input line 171.
(pdftex.def)             Requested size: 455.24411pt x 181.48087pt.
<figures/fig_scatter_efficiency.pdf, id=2572, 510.977pt x 212.62035pt>
File: figures/fig_scatter_efficiency.pdf Graphic file (type pdf)
<use figures/fig_scatter_efficiency.pdf>
Package pdftex.def Info: figures/fig_scatter_efficiency.pdf  used on input line
 180.
(pdftex.def)             Requested size: 455.24411pt x 189.42941pt.


LaTeX Warning: `h' float specifier changed to `ht'.

[87
pdfTeX warning (ext4): destination with the same identifier (name{figure.5.3}) 
has been already used, duplicate ignored
<argument> ...shipout:D \box_use:N \l_shipout_box 
                                                  \__shipout_drop_firstpage_...
l.185 \FloatBarrier
                    <./figures/fig_bar_models.pdf>]
Overfull \hbox (12.01128pt too wide) in paragraph at lines 190--190
[]\T5/cmr/bx/n/17.28 ^^^‚ng g‚p cıa t¯ng th†nh ph¶n (RDMS, QuMoE,
 []


LaTeX Warning: `h' float specifier changed to `ht'.


LaTeX Warning: `h' float specifier changed to `ht'.

[88
pdfTeX warning (ext4): destination with the same identifier (name{figure.5.4}) 
has been already used, duplicate ignored
<argument> ...shipout:D \box_use:N \l_shipout_box 
                                                  \__shipout_drop_firstpage_...
l.234 
       <./figures/fig_scatter_efficiency.pdf>]
<figures/fig_bar_components.pdf, id=2632, 432.83505pt x 221.01872pt>
File: figures/fig_bar_components.pdf Graphic file (type pdf)
<use figures/fig_bar_components.pdf>
Package pdftex.def Info: figures/fig_bar_components.pdf  used on input line 237
.
(pdftex.def)             Requested size: 455.24411pt x 232.47107pt.
 [89
pdfTeX warning (ext4): destination with the same identifier (name{table.5.7}) h
as been already used, duplicate ignored
<argument> ...shipout:D \box_use:N \l_shipout_box 
                                                  \__shipout_drop_firstpage_...
l.240 \end{figure}
                  
pdfTeX warning (ext4): destination with the same identifier (name{table.5.8}) h
as been already used, duplicate ignored
<argument> ...shipout:D \box_use:N \l_shipout_box 
                                                  \__shipout_drop_firstpage_...
l.240 \end{figure}
                  ] [90
pdfTeX warning (ext4): destination with the same identifier (name{figure.5.5}) 
has been already used, duplicate ignored
<argument> ...shipout:D \box_use:N \l_shipout_box 
                                                  \__shipout_drop_firstpage_...
l.265 
      
pdfTeX warning (ext4): destination with the same identifier (name{table.5.9}) h
as been already used, duplicate ignored
<argument> ...shipout:D \box_use:N \l_shipout_box 
                                                  \__shipout_drop_firstpage_...
l.265 
       <./figures/fig_bar_components.pdf>]
<figures/fig_bar_layers.pdf, id=2664, 324.44212pt x 193.49289pt>
File: figures/fig_bar_layers.pdf Graphic file (type pdf)
<use figures/fig_bar_layers.pdf>
Package pdftex.def Info: figures/fig_bar_layers.pdf  used on input line 268.
(pdftex.def)             Requested size: 373.3035pt x 222.6332pt.
 [91
pdfTeX warning (ext4): destination with the same identifier (name{figure.5.6}) 
has been already used, duplicate ignored
<argument> ...shipout:D \box_use:N \l_shipout_box 
                                                  \__shipout_drop_firstpage_...
l.278 
       <./figures/fig_bar_layers.pdf>] [92
pdfTeX warning (ext4): destination with the same identifier (name{table.5.10}) 
has been already used, duplicate ignored
<argument> ...shipout:D \box_use:N \l_shipout_box 
                                                  \__shipout_drop_firstpage_...
l.310 
      
pdfTeX warning (ext4): destination with the same identifier (name{table.5.11}) 
has been already used, duplicate ignored
<argument> ...shipout:D \box_use:N \l_shipout_box 
                                                  \__shipout_drop_firstpage_...
l.310 
      ]
<figures/fig_bar_cmoe_vs_qumoe.pdf, id=2688, 415.57458pt x 218.86969pt>
File: figures/fig_bar_cmoe_vs_qumoe.pdf Graphic file (type pdf)
<use figures/fig_bar_cmoe_vs_qumoe.pdf>
Package pdftex.def Info: figures/fig_bar_cmoe_vs_qumoe.pdf  used on input line 
313.
(pdftex.def)             Requested size: 455.24411pt x 239.7655pt.


LaTeX Warning: `h' float specifier changed to `ht'.

[93] [94
pdfTeX warning (ext4): destination with the same identifier (name{figure.5.7}) 
has been already used, duplicate ignored
<argument> ...shipout:D \box_use:N \l_shipout_box 
                                                  \__shipout_drop_firstpage_...
l.347 \FloatBarrier
                    <./figures/fig_bar_cmoe_vs_qumoe.pdf>] [95
pdfTeX warning (ext4): destination with the same identifier (name{table.5.12}) 
has been already used, duplicate ignored
<argument> ...shipout:D \box_use:N \l_shipout_box 
                                                  \__shipout_drop_firstpage_...
l.390 \FloatBarrier
                   
pdfTeX warning (ext4): destination with the same identifier (name{table.5.13}) 
has been already used, duplicate ignored
<argument> ...shipout:D \box_use:N \l_shipout_box 
                                                  \__shipout_drop_firstpage_...
l.390 \FloatBarrier
                   ] [96
pdfTeX warning (ext4): destination with the same identifier (name{table.5.14}) 
has been already used, duplicate ignored
<argument> ...shipout:D \box_use:N \l_shipout_box 
                                                  \__shipout_drop_firstpage_...
l.393 
      ]

LaTeX Warning: `h' float specifier changed to `ht'.

<figures/fig_router_balance.pdf, id=2728, 315.19557pt x 196.02837pt>
File: figures/fig_router_balance.pdf Graphic file (type pdf)
<use figures/fig_router_balance.pdf>
Package pdftex.def Info: figures/fig_router_balance.pdf  used on input line 422
.
(pdftex.def)             Requested size: 327.7763pt x 203.8557pt.

LaTeX Warning: `h' float specifier changed to `ht'.

[97] [98
pdfTeX warning (ext4): destination with the same identifier (name{table.5.15}) 
has been already used, duplicate ignored
<argument> ...shipout:D \box_use:N \l_shipout_box 
                                                  \__shipout_drop_firstpage_...
l.442 \end{table}
                 
pdfTeX warning (ext4): destination with the same identifier (name{figure.5.8}) 
has been already used, duplicate ignored
<argument> ...shipout:D \box_use:N \l_shipout_box 
                                                  \__shipout_drop_firstpage_...
l.442 \end{table}
                  <./figures/fig_router_balance.pdf>] [99
pdfTeX warning (ext4): destination with the same identifier (name{table.5.16}) 
has been already used, duplicate ignored
<argument> ...shipout:D \box_use:N \l_shipout_box 
                                                  \__shipout_drop_firstpage_...
l.454 
      ] [100] [101
pdfTeX warning (ext4): destination with the same identifier (name{table.5.17}) 
has been already used, duplicate ignored
<argument> ...shipout:D \box_use:N \l_shipout_box 
                                                  \__shipout_drop_firstpage_...
l.479 
      ]

LaTeX Warning: `h' float specifier changed to `ht'.

[102
pdfTeX warning (ext4): destination with the same identifier (name{table.5.18}) 
has been already used, duplicate ignored
<argument> ...shipout:D \box_use:N \l_shipout_box 
                                                  \__shipout_drop_firstpage_...
l.523 \FloatBarrier
                   ] [103
pdfTeX warning (ext4): destination with the same identifier (name{table.5.19}) 
has been already used, duplicate ignored
<argument> ...shipout:D \box_use:N \l_shipout_box 
                                                  \__shipout_drop_firstpage_...
l.528 
      ]
<figures/fig_xai_bar_metrics.pdf, id=2807, 605.24722pt x 218.52238pt>
File: figures/fig_xai_bar_metrics.pdf Graphic file (type pdf)
<use figures/fig_xai_bar_metrics.pdf>
Package pdftex.def Info: figures/fig_xai_bar_metrics.pdf  used on input line 53
1.
(pdftex.def)             Requested size: 455.24411pt x 164.37154pt.
<figures/fig_xai_hd95.pdf, id=2808, 245.56242pt x 183.39717pt>
File: figures/fig_xai_hd95.pdf Graphic file (type pdf)
<use figures/fig_xai_hd95.pdf>
Package pdftex.def Info: figures/fig_xai_hd95.pdf  used on input line 538.
(pdftex.def)             Requested size: 282.24911pt x 210.82114pt.


LaTeX Warning: `h' float specifier changed to `ht'.

[104
pdfTeX warning (ext4): destination with the same identifier (name{figure.5.9}) 
has been already used, duplicate ignored
<argument> ...shipout:D \box_use:N \l_shipout_box 
                                                  \__shipout_drop_firstpage_...
l.543 \FloatBarrier
                    <./figures/fig_xai_bar_metrics.pdf>]
<images/xai_cmp_ph2_1.png, id=2836, 1148.73164pt x 282.5757pt>
File: images/xai_cmp_ph2_1.png Graphic file (type png)
<use images/xai_cmp_ph2_1.png>
Package pdftex.def Info: images/xai_cmp_ph2_1.png  used on input line 550.
(pdftex.def)             Requested size: 455.24411pt x 111.98482pt.
<images/xai_cmp_ph2_2.png, id=2838, 1148.73164pt x 282.5757pt>
File: images/xai_cmp_ph2_2.png Graphic file (type png)
<use images/xai_cmp_ph2_2.png>
Package pdftex.def Info: images/xai_cmp_ph2_2.png  used on input line 551.
(pdftex.def)             Requested size: 455.24411pt x 111.98482pt.
<images/xai_cmp_ph2_3.png, id=2839, 1148.73164pt x 282.5757pt>
File: images/xai_cmp_ph2_3.png Graphic file (type png)
<use images/xai_cmp_ph2_3.png>
Package pdftex.def Info: images/xai_cmp_ph2_3.png  used on input line 552.
(pdftex.def)             Requested size: 455.24411pt x 111.98482pt.
<images/xai_cmp_glas_1.png, id=2840, 1148.73164pt x 282.5757pt>
File: images/xai_cmp_glas_1.png Graphic file (type png)
<use images/xai_cmp_glas_1.png>
Package pdftex.def Info: images/xai_cmp_glas_1.png  used on input line 559.
(pdftex.def)             Requested size: 455.24411pt x 111.98482pt.
<images/xai_cmp_glas_2.png, id=2841, 1148.73164pt x 282.5757pt>
File: images/xai_cmp_glas_2.png Graphic file (type png)
<use images/xai_cmp_glas_2.png>
Package pdftex.def Info: images/xai_cmp_glas_2.png  used on input line 560.
(pdftex.def)             Requested size: 455.24411pt x 111.98482pt.
<images/xai_cmp_glas_3.png, id=2842, 1148.73164pt x 282.5757pt>
File: images/xai_cmp_glas_3.png Graphic file (type png)
<use images/xai_cmp_glas_3.png>
Package pdftex.def Info: images/xai_cmp_glas_3.png  used on input line 561.
(pdftex.def)             Requested size: 455.24411pt x 111.98482pt.
 [105
pdfTeX warning (ext4): destination with the same identifier (name{figure.5.10})
 has been already used, duplicate ignored
<argument> ...shipout:D \box_use:N \l_shipout_box 
                                                  \__shipout_drop_firstpage_...
l.566 \FloatBarrier
                    <./figures/fig_xai_hd95.pdf>] [106
pdfTeX warning (ext4): destination with the same identifier (name{figure.5.11})
 has been already used, duplicate ignored
<argument> ...shipout:D \box_use:N \l_shipout_box 
                                                  \__shipout_drop_firstpage_...
l.566 \FloatBarrier
                    <./images/xai_cmp_ph2_1.png> <./images/xai_cmp_ph2_2.png> <
./images/xai_cmp_ph2_3.png>] [107
pdfTeX warning (ext4): destination with the same identifier (name{figure.5.12})
 has been already used, duplicate ignored
<argument> ...shipout:D \box_use:N \l_shipout_box 
                                                  \__shipout_drop_firstpage_...
l.566 \FloatBarrier
                    <./images/xai_cmp_glas_1.png> <./images/xai_cmp_glas_2.png>
 <./images/xai_cmp_glas_3.png>]) [108

]
\openout2 = `Chapter6/chapter6.aux'.

 (Chapter6/chapter6.tex
Ch∆∞∆°ng 6.
[109




] [110] [111]) [112]
\openout2 = `Appendix/publish.aux'.

 (Appendix/publish.tex) [113




]

Package biblatex Warning: Name format 'last-first' deprecated.
(biblatex)                Please use 'family-given' instead.
(biblatex)                Using 'family-given' now.


Overfull \hbox (9.95816pt too wide) in paragraph at lines 199--199
\T5/cmr/m/it/14.4 Med-i-cal Im-age Com-put-ing and Computer-Assisted In-ter-ven
-tion -- MIC-
 []

[114



] [115]
Overfull \hbox (0.92831pt too wide) in paragraph at lines 199--199
\T5/cmr/m/n/14.4 ing''. In: \T5/cmr/m/it/14.4 Na-ture \T5/cmr/m/n/14.4 521 (201
5), pp. 436^^U444. \T5/cmr/m/sc/14.4 doi\T5/cmr/m/n/14.4 : []$\T5/cmtt/m/n/14.4
 10 . 1038 / nature14539$[]\T5/cmr/m/n/14.4 . 
 []

[116]
Overfull \hbox (47.84608pt too wide) in paragraph at lines 199--199
\T5/cmr/m/n/14.4 coders for Med-i-cal Im-age Seg-men-ta-tion''. In: \T5/cmr/m/i
t/14.4 arXiv preprint arXiv:2102.04306
 []

[117]
Overfull \hbox (2.67892pt too wide) in paragraph at lines 199--199
\T5/cmr/m/n/14.4 tro-duc-tion to Quantum Ma-chine Learn-ing''. In: \T5/cmr/m/it
/14.4 Con-tem-po-rary Physics
 []


Overfull \hbox (65.89003pt too wide) in paragraph at lines 199--199
\T5/cmr/m/n/14.4 Neu-ral Net-works on Near Term Pro-ces-sors''. In: \T5/cmr/m/i
t/14.4 arXiv preprint arXiv:1802.06002
 []

[118]
Overfull \hbox (10.41408pt too wide) in paragraph at lines 199--199
[]\T5/cmr/m/n/14.4 HavlΩ^^Gcek, Vojt^^Gech et al. ``Su-per-vised Learn-ing with
 Quantum-Enhanced
 []


Overfull \hbox (45.6632pt too wide) in paragraph at lines 199--199
\T5/cmr/m/n/14.4 brid Quantum-Classical Com-pu-ta-tions''. In: \T5/cmr/m/it/14.
4 arXiv preprint arXiv:1811.04968
 []


Overfull \hbox (9.7178pt too wide) in paragraph at lines 199--199
[]\T5/cmr/m/n/14.4 Long, Y., Zhang, H., and Liu, X. ``Hy-brid Quantum-Classical
-Quantum
 []

[119]
Overfull \hbox (15.36563pt too wide) in paragraph at lines 199--199
[]\T5/cmr/m/n/14.4 Shazeer, Noam et al. ``Out-ra-geously large neu-ral net-work
s: The sparsely-
 []


Overfull \hbox (29.46721pt too wide) in paragraph at lines 199--199
\T5/cmr/m/n/14.4 perts''. In: \T5/cmr/m/it/14.4 Ad-vances in Neu-ral In-for-ma-
tion Pro-cess-ing Sys-tems (NeurIPS)\T5/cmr/m/n/14.4 .
 []

[120]
Overfull \hbox (41.88426pt too wide) in paragraph at lines 199--199
\T5/cmr/m/n/14.4 UNet for Med-i-cal Im-age Seg-men-ta-tion''. In: \T5/cmr/m/it/
14.4 arXiv preprint arXiv:2402.02491
 []

[121]
Overfull \hbox (1.0996pt too wide) in paragraph at lines 199--199
[]\T5/cmr/m/n/14.4 Whitlock, Michael C. ``Com-bin-ing prob-a-bil-ity from in-de
-pen-dent tests:
 []


Overfull \hbox (16.45995pt too wide) in paragraph at lines 199--199
\T5/cmr/m/it/14.4 IEEE Win-ter Con-fer-ence on Ap-pli-ca-tions of Com-puter Vi-
sion (WACV)\T5/cmr/m/n/14.4 .
 []

[122]
Overfull \hbox (7.65773pt too wide) in paragraph at lines 199--199
[]\T5/cmr/m/n/14.4 Muhammad, Mo-hammed Bany and Yeasin, Mo-hammed. ``Eigen-CAM:

 []

[123] (main.aux (Appendix/reassurances.aux) (Appendix/edit.aux)
(Appendix/advisor.aux) (Appendix/reviewer.aux) (Appendix/thanks.aux)
(Appendix/glossary.aux) (Appendix/summary.aux) (Chapter1/chapter1.aux)
(Chapter2/chapter2.aux) (Chapter3/chapter3.aux) (Chapter4/chapter4.aux)
(Chapter5/chapter5.aux) (Chapter6/chapter6.aux) (Appendix/publish.aux))
 ***********
LaTeX2e <2025-11-01>
L3 programming layer <2025-12-24>
 ***********


LaTeX Warning: There were undefined references.

Package rerunfilecheck Info: File `main.out' has not changed.
(rerunfilecheck)             Checksum: 01B62654CF9C9EE714F0EA41260CA900;31521.

Package biblatex Warning: Please (re)run BibTeX on the file(s):
(biblatex)                main
(biblatex)                and rerun LaTeX afterwards.

Package logreq Info: Writing requests to 'main.run.xml'.
\openout1 = `main.run.xml'.

 ) 
Here is how much of TeX's memory you used:
 34156 strings out of 467871
 644246 string characters out of 5435214
 1316766 words of memory out of 5000000
 61937 multiletter control sequences out of 15000+600000
 649667 words of font info for 80 fonts, out of 8000000 for 9000
 1145 hyphenation exceptions out of 8191
 84i,17n,94p,3241b,1491s stack positions out of 10000i,1000n,20000p,200000b,200000s
 <C:\Users\ACER\AppData\Local\MiKTeX\fonts/pk/ljfour/jknappen/ec/dpi600\tcrm1
440.pk><E:/MiKTEX/fonts/type1/public/amsfonts/cm/cmbx12.pfb><E:/MiKTEX/fonts/ty
pe1/public/amsfonts/cm/cmex10.pfb><E:/MiKTEX/fonts/type1/public/amsfonts/cmextr
a/cmex7.pfb><E:/MiKTEX/fonts/type1/public/amsfonts/cmextra/cmex9.pfb><E:/MiKTEX
/fonts/type1/public/amsfonts/cm/cmmi10.pfb><E:/MiKTEX/fonts/type1/public/amsfon
ts/cm/cmmi12.pfb><E:/MiKTEX/fonts/type1/public/amsfonts/cm/cmmi5.pfb><E:/MiKTEX
/fonts/type1/public/amsfonts/cm/cmmi6.pfb><E:/MiKTEX/fonts/type1/public/amsfont
s/cm/cmmi7.pfb><E:/MiKTEX/fonts/type1/public/amsfonts/cm/cmmi8.pfb><E:/MiKTEX/f
onts/type1/public/amsfonts/cm/cmmi9.pfb><E:/MiKTEX/fonts/type1/public/amsfonts/
cm/cmmib10.pfb><E:/MiKTEX/fonts/type1/public/amsfonts/cm/cmr10.pfb><E:/MiKTEX/f
onts/type1/public/amsfonts/cm/cmr12.pfb><E:/MiKTEX/fonts/type1/public/amsfonts/
cm/cmr5.pfb><E:/MiKTEX/fonts/type1/public/amsfonts/cm/cmr6.pfb><E:/MiKTEX/fonts
/type1/public/amsfonts/cm/cmr7.pfb><E:/MiKTEX/fonts/type1/public/amsfonts/cm/cm
r8.pfb><E:/MiKTEX/fonts/type1/public/amsfonts/cm/cmr9.pfb><E:/MiKTEX/fonts/type
1/public/amsfonts/cm/cmsy10.pfb><E:/MiKTEX/fonts/type1/public/amsfonts/cm/cmsy5
.pfb><E:/MiKTEX/fonts/type1/public/amsfonts/cm/cmsy6.pfb><E:/MiKTEX/fonts/type1
/public/amsfonts/cm/cmsy7.pfb><E:/MiKTEX/fonts/type1/public/amsfonts/cm/cmsy8.p
fb><E:/MiKTEX/fonts/type1/public/amsfonts/cm/cmsy9.pfb><E:/MiKTEX/fonts/type1/p
ublic/amsfonts/symbols/msam10.pfb><E:/MiKTEX/fonts/type1/public/amsfonts/symbol
s/msbm10.pfb><E:/MiKTEX/fonts/type1/vntex/vnr/vnbx10.pfb><E:/MiKTEX/fonts/type1
/vntex/vnr/vnbx12.pfb><E:/MiKTEX/fonts/type1/vntex/vnr/vnbxti10.pfb><E:/MiKTEX/
fonts/type1/vntex/vnr/vncsc10.pfb><E:/MiKTEX/fonts/type1/vntex/vnr/vnr10.pfb><E
:/MiKTEX/fonts/type1/vntex/vnr/vnr12.pfb><E:/MiKTEX/fonts/type1/vntex/vnr/vnr17
.pfb><E:/MiKTEX/fonts/type1/vntex/vnr/vnss8.pfb><E:/MiKTEX/fonts/type1/vntex/vn
r/vnss9.pfb><E:/MiKTEX/fonts/type1/vntex/vnr/vnssbx10.pfb><E:/MiKTEX/fonts/type
1/vntex/vnr/vnti12.pfb><E:/MiKTEX/fonts/type1/vntex/vnr/vntt12.pfb>
Output written on main.pdf (163 pages, 21355171 bytes).
PDF statistics:
 3252 PDF objects out of 3580 (max. 8388607)
 485 named destinations out of 1000 (max. 500000)
 1256 words of extra memory for PDF output out of 10000 (max. 10000000)

